2026-03-19 23:26:12,201 [INFO] TapoAI: Running in headless mode. Logs are saved to tapo_ai.log. Press Ctrl+C to stop.
2026-03-19 23:26:14,157 [INFO] TapoAI: [MainView] Stream connected.
2026-03-19 23:26:16,159 [INFO] TapoAI: [LPatio] Stream connected.
2026-03-19 23:26:17,390 [INFO] TapoAI: [Inside] Stream connected.
2026-03-20 00:03:42,128 [WARNING] TapoAI: [MainView] Stream lost, reconnecting in 3s...
2026-03-20 00:03:42,136 [WARNING] TapoAI: [Inside] Stream lost, reconnecting in 3s...
2026-03-20 00:03:42,137 [WARNING] TapoAI: [LPatio] Stream lost, reconnecting in 3s...
2026-03-20 00:03:47,138 [INFO] TapoAI: [MainView] Stream connected.
2026-03-20 00:03:49,155 [INFO] TapoAI: [LPatio] Stream connected.
2026-03-20 00:03:50,406 [INFO] TapoAI: [Inside] Stream connected.
2026-03-20 00:07:02,236 [WARNING] TapoAI: [Inside] Stream lost, reconnecting in 3s...
2026-03-20 00:07:06,532 [INFO] TapoAI: [Inside] Stream connected.
2026-03-20 00:25:19,143 [WARNING] TapoAI: [MainView] Stream lost, reconnecting in 3s...
2026-03-20 00:25:19,145 [WARNING] TapoAI: [LPatio] Stream lost, reconnecting in 3s...
2026-03-20 00:25:20,015 [WARNING] TapoAI: [Inside] Stream lost, reconnecting in 3s...
2026-03-20 00:40:53,147 [INFO] TapoAI: [LPatio] Stream connected.
2026-03-20 00:40:53,806 [WARNING] TapoAI: [LPatio] Stream lost, reconnecting in 3s...
2026-03-20 00:58:26,149 [INFO] TapoAI: [MainView] Stream connected.
2026-03-20 00:58:28,365 [INFO] TapoAI: [Inside] Stream connected.
2026-03-20 00:58:30,109 [WARNING] TapoAI: [MainView] Stream lost, reconnecting in 3s...
2026-03-20 00:58:30,409 [INFO] TapoAI: [LPatio] Stream connected.
2026-03-20 01:14:48,844 [WARNING] TapoAI: [LPatio] Stream lost, reconnecting in 3s...
2026-03-20 01:14:51,775 [INFO] TapoAI: [MainView] Stream connected.
2026-03-20 01:14:52,936 [WARNING] TapoAI: [Inside] Stream lost, reconnecting in 3s...
2026-03-20 01:28:02,155 [INFO] TapoAI: [LPatio] Stream connected.
2026-03-20 01:28:02,781 [WARNING] TapoAI: [MainView] Stream lost, reconnecting in 3s...
2026-03-20 01:28:02,782 [WARNING] TapoAI: [LPatio] Stream lost, reconnecting in 3s...
2026-03-20 01:28:05,878 [INFO] TapoAI: [Inside] Stream connected.
2026-03-20 01:28:07,832 [INFO] TapoAI: [MainView] Stream connected.
2026-03-20 01:28:09,833 [INFO] TapoAI: [LPatio] Stream connected.
2026-03-20 04:18:22,807 [INFO] TapoAI: [MainView] Stream connected.
2026-03-20 04:18:24,800 [INFO] TapoAI: [LPatio] Stream connected.
2026-03-20 04:18:26,010 [INFO] TapoAI: [Inside] Stream connected.
2026-03-20 05:12:42,162 [WARNING] TapoAI: [MainView] Stream lost, reconnecting in 3s...
2026-03-20 05:12:42,162 [WARNING] TapoAI: [LPatio] Stream lost, reconnecting in 3s...
2026-03-20 05:12:42,162 [WARNING] TapoAI: [Inside] Stream lost, reconnecting in 3s...
2026-03-20 05:12:46,371 [INFO] TapoAI: [Inside] Stream connected.
2026-03-20 05:13:00,729 [INFO] TapoAI: [MainView] Stream connected.
2026-03-20 05:13:02,783 [INFO] TapoAI: [LPatio] Stream connected.
2026-03-20 05:45:49,239 [WARNING] TapoAI: [MainView] Stream lost, reconnecting in 3s...
2026-03-20 05:45:49,241 [WARNING] TapoAI: [Inside] Stream lost, reconnecting in 3s...
2026-03-20 05:45:49,246 [WARNING] TapoAI: [LPatio] Stream lost, reconnecting in 3s...
2026-03-20 05:45:54,292 [INFO] TapoAI: [MainView] Stream connected.
2026-03-20 05:45:57,712 [INFO] TapoAI: [Inside] Stream connected.
2026-03-20 05:45:59,762 [INFO] TapoAI: [LPatio] Stream connected.
2026-03-20 06:04:25,963 [WARNING] TapoAI: [MainView] Stream lost, reconnecting in 3s...
2026-03-20 06:04:25,964 [WARNING] TapoAI: [Inside] Stream lost, reconnecting in 3s...
2026-03-20 06:04:25,964 [WARNING] TapoAI: [LPatio] Stream lost, reconnecting in 3s...
2026-03-20 06:04:30,208 [INFO] TapoAI: [LPatio] Stream connected.
2026-03-20 06:04:31,474 [INFO] TapoAI: [MainView] Stream connected.
2026-03-20 06:04:32,733 [INFO] TapoAI: [Inside] Stream connected.
2026-03-20 06:42:30,162 [WARNING] TapoAI: [Inside] Stream lost, reconnecting in 3s...
2026-03-20 06:42:30,162 [WARNING] TapoAI: [MainView] Stream lost, reconnecting in 3s...
2026-03-20 06:42:30,163 [WARNING] TapoAI: [LPatio] Stream lost, reconnecting in 3s...
2026-03-20 06:42:34,486 [INFO] TapoAI: [LPatio] Stream connected.
2026-03-20 06:58:33,168 [INFO] TapoAI: [MainView] Stream connected.
2026-03-20 06:58:35,089 [INFO] TapoAI: [Inside] Stream connected.
2026-03-20 07:26:40,165 [WARNING] TapoAI: [MainView] Stream lost, reconnecting in 3s...
2026-03-20 07:26:40,165 [WARNING] TapoAI: [LPatio] Stream lost, reconnecting in 3s...
2026-03-20 07:26:44,460 [INFO] TapoAI: [MainView] Stream connected.
2026-03-20 07:26:45,733 [INFO] TapoAI: [LPatio] Stream connected.
2026-03-20 07:27:10,219 [WARNING] TapoAI: [Inside] Stream lost, reconnecting in 3s...
2026-03-20 07:27:14,472 [INFO] TapoAI: [Inside] Stream connected.
2026-03-20 08:00:30,262 [WARNING] TapoAI: [Inside] Stream lost, reconnecting in 3s...
2026-03-20 08:00:30,270 [WARNING] TapoAI: [MainView] Stream lost, reconnecting in 3s...
2026-03-20 08:00:30,282 [WARNING] TapoAI: [LPatio] Stream lost, reconnecting in 3s...
2026-03-20 08:00:34,446 [INFO] TapoAI: [Inside] Stream connected.
2026-03-20 08:00:35,652 [INFO] TapoAI: [MainView] Stream connected.
2026-03-20 08:00:36,883 [INFO] TapoAI: [LPatio] Stream connected.
2026-03-20 08:23:07,347 [WARNING] TapoAI: [Inside] Stream lost, reconnecting in 3s...
2026-03-20 08:23:07,347 [WARNING] TapoAI: [MainView] Stream lost, reconnecting in 3s...
2026-03-20 08:23:07,347 [WARNING] TapoAI: [LPatio] Stream lost, reconnecting in 3s...
2026-03-20 08:23:11,636 [INFO] TapoAI: [MainView] Stream connected.
2026-03-20 08:23:12,863 [INFO] TapoAI: [Inside] Stream connected.
2026-03-20 08:23:14,135 [INFO] TapoAI: [LPatio] Stream connected.
2026-03-20 08:23:23,363 [INFO] TapoAI: [MainView] Saved event to ./recordings/MainView_0320-082311
2026-03-20 08:25:26,159 [INFO] TapoAI: [MainView] Saved event to ./recordings/MainView_0320-082454
2026-03-20 08:26:36,297 [INFO] TapoAI: Shutdown requested via UI.
2026-04-18 21:12:13,223 [WARNING] TapoAI: [MainView] Stream unavailable, retrying in 5s...
2026-04-18 21:12:13,223 [WARNING] TapoAI: [Inside] Stream unavailable, retrying in 5s...
2026-04-18 21:12:13,223 [WARNING] TapoAI: [LPatio] Stream unavailable, retrying in 5s...
2026-04-18 21:12:20,916 [INFO] TapoAI: [MainView] Stream connected.
2026-04-18 21:12:25,265 [INFO] TapoAI: [LPatio] Stream connected.
2026-04-18 21:12:27,575 [INFO] TapoAI: [Inside] Stream connected.
2026-04-18 21:36:44,963 [INFO] TapoAI: Shutdown requested via UI.
2026-04-18 21:39:03,786 [INFO] TapoAI: Starting Mac Menubar App. Check your menubar (top right) for the 📹 icon.
2026-04-18 21:39:03,835 [INFO] TapoAI: [MainView] Stream connected.
2026-04-18 21:39:05,057 [INFO] TapoAI: [Inside] Stream connected.
2026-04-18 21:39:06,877 [INFO] werkzeug: [31m[1mWARNING: This is a development server. Do not use it in a production deployment. Use a production WSGI server instead.[0m
 * Running on http://127.0.0.1:5050
2026-04-18 21:39:06,877 [INFO] werkzeug: [33mPress CTRL+C to quit[0m
2026-04-18 21:39:07,064 [INFO] TapoAI: [LPatio] Stream connected.
2026-04-18 21:39:18,425 [INFO] werkzeug: 127.0.0.1 - - [18/Apr/2026 21:39:18] "GET / HTTP/1.1" 200 -
2026-04-18 21:39:18,491 [INFO] werkzeug: 127.0.0.1 - - [18/Apr/2026 21:39:18] "GET /video_feed HTTP/1.1" 200 -
2026-04-18 21:39:18,553 [INFO] werkzeug: 127.0.0.1 - - [18/Apr/2026 21:39:18] "[33mGET /favicon.ico HTTP/1.1[0m" 404 -
2026-04-18 21:39:55,878 [INFO] werkzeug: 127.0.0.1 - - [18/Apr/2026 21:39:55] "GET / HTTP/1.1" 200 -
2026-04-18 21:39:55,886 [INFO] werkzeug: 127.0.0.1 - - [18/Apr/2026 21:39:55] "GET /video_feed HTTP/1.1" 200 -
2026-04-18 21:42:16,741 [INFO] TapoAI: Starting Mac Menubar App. Check your menubar (top right) for the 📹 icon.
2026-04-18 21:42:16,743 [INFO] werkzeug: [31m[1mWARNING: This is a development server. Do not use it in a production deployment. Use a production WSGI server instead.[0m
 * Running on http://127.0.0.1:5050
2026-04-18 21:42:16,743 [INFO] werkzeug: [33mPress CTRL+C to quit[0m
2026-04-18 21:42:18,685 [INFO] TapoAI: [MainView] Stream connected.
2026-04-18 21:42:19,882 [INFO] TapoAI: [Inside] Stream connected.
2026-04-18 21:42:21,920 [INFO] TapoAI: [LPatio] Stream connected.
2026-04-18 21:43:22,535 [INFO] werkzeug: 127.0.0.1 - - [18/Apr/2026 21:43:22] "GET / HTTP/1.1" 200 -
2026-04-18 21:43:22,557 [INFO] werkzeug: 127.0.0.1 - - [18/Apr/2026 21:43:22] "GET /video_feed HTTP/1.1" 200 -
2026-04-18 21:47:23,778 [INFO] TapoAI: [MainView] Saved event to ./recordings/MainView_0418-214644
2026-04-18 21:52:07,177 [INFO] TapoAI: Shutdown requested via Menubar.
2026-04-18 21:52:08,318 [INFO] TapoAI: Starting Mac Menubar App. Check your menubar (top right) for the 📹 icon.
2026-04-18 21:52:08,320 [INFO] werkzeug: [31m[1mWARNING: This is a development server. Do not use it in a production deployment. Use a production WSGI server instead.[0m
 * Running on http://127.0.0.1:5050
2026-04-18 21:52:08,320 [INFO] werkzeug: [33mPress CTRL+C to quit[0m
2026-04-18 21:52:10,221 [INFO] TapoAI: [MainView] Stream connected.
2026-04-18 21:52:11,442 [INFO] TapoAI: [Inside] Stream connected.
2026-04-18 21:52:13,448 [INFO] TapoAI: [LPatio] Stream connected.
2026-04-18 21:52:42,258 [INFO] TapoAI: Shutdown requested via Menubar.
2026-04-18 21:52:43,380 [INFO] TapoAI: Starting Mac Menubar App. Check your menubar (top right) for the 📹 icon.
2026-04-18 21:52:43,382 [INFO] werkzeug: [31m[1mWARNING: This is a development server. Do not use it in a production deployment. Use a production WSGI server instead.[0m
 * Running on http://127.0.0.1:5050
2026-04-18 21:52:43,382 [INFO] werkzeug: [33mPress CTRL+C to quit[0m
2026-04-18 21:52:45,283 [INFO] TapoAI: [MainView] Stream connected.
2026-04-18 21:52:46,476 [INFO] TapoAI: [Inside] Stream connected.
2026-04-18 21:52:48,514 [INFO] TapoAI: [LPatio] Stream connected.
2026-04-18 21:54:06,724 [INFO] TapoAI: Shutdown requested via Menubar.
2026-04-18 21:54:08,175 [INFO] TapoAI: Starting Mac Menubar App. Check your menubar (top right) for the 📹 icon.
2026-04-18 21:54:08,177 [INFO] werkzeug: [31m[1mWARNING: This is a development server. Do not use it in a production deployment. Use a production WSGI server instead.[0m
 * Running on http://127.0.0.1:5050
2026-04-18 21:54:08,177 [INFO] werkzeug: [33mPress CTRL+C to quit[0m
2026-04-18 21:54:10,086 [INFO] TapoAI: [MainView] Stream connected.
2026-04-18 21:54:11,315 [INFO] TapoAI: [Inside] Stream connected.
2026-04-18 21:54:13,317 [INFO] TapoAI: [LPatio] Stream connected.
2026-04-18 21:55:36,947 [WARNING] TapoAI: [Inside] Stream lost, reconnecting in 3s...
2026-04-18 21:55:38,534 [WARNING] TapoAI: [LPatio] Stream lost, reconnecting in 3s...
2026-04-18 21:55:41,241 [INFO] TapoAI: [Inside] Stream connected.
2026-04-18 21:55:44,776 [INFO] TapoAI: [LPatio] Stream connected.
2026-04-18 21:56:01,067 [WARNING] TapoAI: [MainView] Stream lost, reconnecting in 3s...
2026-04-18 21:56:06,152 [INFO] TapoAI: [MainView] Stream connected.
2026-04-18 22:00:54,947 [INFO] werkzeug: 127.0.0.1 - - [18/Apr/2026 22:00:54] "GET / HTTP/1.1" 200 -
2026-04-18 22:00:54,956 [INFO] werkzeug: 127.0.0.1 - - [18/Apr/2026 22:00:54] "GET /video_feed HTTP/1.1" 200 -
2026-04-18 22:01:45,958 [INFO] werkzeug: 127.0.0.1 - - [18/Apr/2026 22:01:45] "GET / HTTP/1.1" 200 -
2026-04-18 22:01:45,967 [INFO] werkzeug: 127.0.0.1 - - [18/Apr/2026 22:01:45] "GET /video_feed HTTP/1.1" 200 -
2026-04-18 22:12:58,012 [INFO] werkzeug: 127.0.0.1 - - [18/Apr/2026 22:12:58] "GET / HTTP/1.1" 200 -
2026-04-18 22:12:58,026 [INFO] werkzeug: 127.0.0.1 - - [18/Apr/2026 22:12:58] "GET /video_feed HTTP/1.1" 200 -
2026-04-18 22:15:31,120 [INFO] TapoAI: [MainView] Saved video ./recordings/MainView_0418-221452.mp4 and updated unified JSON event log
2026-04-18 22:38:53,245 [INFO] TapoAI: Shutdown requested via Menubar.
2026-04-18 22:38:56,503 [INFO] TapoAI: Starting Mac Menubar App. Check your menubar (top right) for the 📹 icon.
2026-04-18 22:38:56,505 [INFO] werkzeug: [31m[1mWARNING: This is a development server. Do not use it in a production deployment. Use a production WSGI server instead.[0m
 * Running on http://127.0.0.1:5050
2026-04-18 22:38:56,505 [INFO] werkzeug: [33mPress CTRL+C to quit[0m
2026-04-18 22:38:58,377 [INFO] TapoAI: [MainView] Stream connected.
2026-04-18 22:39:01,620 [INFO] TapoAI: [Inside] Stream connected.
2026-04-18 22:39:03,665 [INFO] TapoAI: [LPatio] Stream connected.
2026-04-18 22:41:02,340 [INFO] TapoAI: Shutdown requested via Menubar.
2026-04-18 22:41:03,474 [INFO] TapoAI: Starting Mac Menubar App. Check your menubar (top right) for the 📹 icon.
2026-04-18 22:41:03,476 [INFO] werkzeug: [31m[1mWARNING: This is a development server. Do not use it in a production deployment. Use a production WSGI server instead.[0m
 * Running on http://127.0.0.1:5050
2026-04-18 22:41:03,476 [INFO] werkzeug: [33mPress CTRL+C to quit[0m
2026-04-18 22:41:05,561 [INFO] TapoAI: [MainView] Stream connected.
2026-04-18 22:41:08,818 [INFO] TapoAI: [Inside] Stream connected.
2026-04-18 22:41:10,863 [INFO] TapoAI: [LPatio] Stream connected.
2026-04-18 22:41:20,282 [INFO] werkzeug: 127.0.0.1 - - [18/Apr/2026 22:41:20] "GET / HTTP/1.1" 200 -
2026-04-18 22:41:20,292 [INFO] werkzeug: 127.0.0.1 - - [18/Apr/2026 22:41:20] "GET /video_feed HTTP/1.1" 200 -
2026-04-18 22:42:01,838 [INFO] werkzeug: 127.0.0.1 - - [18/Apr/2026 22:42:01] "GET / HTTP/1.1" 200 -
2026-04-18 22:42:01,875 [INFO] werkzeug: 127.0.0.1 - - [18/Apr/2026 22:42:01] "GET /video_feed HTTP/1.1" 200 -
2026-04-18 22:42:01,948 [INFO] werkzeug: 127.0.0.1 - - [18/Apr/2026 22:42:01] "[33mGET /favicon.ico HTTP/1.1[0m" 404 -
2026-04-18 22:47:35,987 [INFO] TapoAI: Shutdown requested via Menubar.
2026-04-18 22:47:37,139 [INFO] TapoAI: Starting Mac Menubar App. Check your menubar (top right) for the 📹 icon.
2026-04-18 22:47:37,141 [INFO] werkzeug: [31m[1mWARNING: This is a development server. Do not use it in a production deployment. Use a production WSGI server instead.[0m
 * Running on http://127.0.0.1:5050
2026-04-18 22:47:37,141 [INFO] werkzeug: [33mPress CTRL+C to quit[0m
2026-04-18 22:47:39,236 [INFO] TapoAI: [MainView] Stream connected.
2026-04-18 22:47:42,418 [INFO] TapoAI: [Inside] Stream connected.
2026-04-18 22:47:44,465 [INFO] TapoAI: [LPatio] Stream connected.
2026-04-18 22:52:33,977 [INFO] werkzeug: 127.0.0.1 - - [18/Apr/2026 22:52:33] "GET / HTTP/1.1" 200 -
2026-04-18 22:52:33,989 [INFO] werkzeug: 127.0.0.1 - - [18/Apr/2026 22:52:33] "GET /video_feed HTTP/1.1" 200 -
2026-04-18 22:52:46,060 [INFO] werkzeug: 127.0.0.1 - - [18/Apr/2026 22:52:46] "GET / HTTP/1.1" 200 -
2026-04-18 22:52:46,076 [INFO] werkzeug: 127.0.0.1 - - [18/Apr/2026 22:52:46] "GET /video_feed HTTP/1.1" 200 -
2026-04-18 22:54:57,971 [INFO] TapoAI: Starting Mac Menubar App. Check your menubar (top right) for the 📹 icon.
2026-04-18 22:54:57,973 [INFO] werkzeug: [31m[1mWARNING: This is a development server. Do not use it in a production deployment. Use a production WSGI server instead.[0m
 * Running on http://127.0.0.1:5050
2026-04-18 22:54:57,973 [INFO] werkzeug: [33mPress CTRL+C to quit[0m
2026-04-18 22:55:00,082 [INFO] TapoAI: [MainView] Stream connected.
2026-04-18 22:55:03,305 [INFO] TapoAI: [Inside] Stream connected.
2026-04-18 22:55:05,329 [INFO] TapoAI: [LPatio] Stream connected.
2026-04-18 22:55:06,480 [INFO] werkzeug: 127.0.0.1 - - [18/Apr/2026 22:55:06] "GET / HTTP/1.1" 200 -
2026-04-18 22:55:06,498 [INFO] werkzeug: 127.0.0.1 - - [18/Apr/2026 22:55:06] "GET /video_feed HTTP/1.1" 200 -
2026-04-18 22:57:41,660 [INFO] werkzeug: 127.0.0.1 - - [18/Apr/2026 22:57:41] "GET / HTTP/1.1" 200 -
2026-04-18 22:57:41,682 [INFO] werkzeug: 127.0.0.1 - - [18/Apr/2026 22:57:41] "GET /video_feed HTTP/1.1" 200 -
2026-04-18 22:57:43,267 [INFO] werkzeug: 127.0.0.1 - - [18/Apr/2026 22:57:43] "GET / HTTP/1.1" 200 -
2026-04-18 22:57:43,285 [INFO] werkzeug: 127.0.0.1 - - [18/Apr/2026 22:57:43] "GET /video_feed HTTP/1.1" 200 -
2026-04-18 23:20:47,604 [INFO] werkzeug: 127.0.0.1 - - [18/Apr/2026 23:20:47] "GET / HTTP/1.1" 200 -
2026-04-18 23:20:47,672 [INFO] werkzeug: 127.0.0.1 - - [18/Apr/2026 23:20:47] "GET /video_feed HTTP/1.1" 200 -
2026-04-18 23:20:47,808 [INFO] werkzeug: 127.0.0.1 - - [18/Apr/2026 23:20:47] "[33mGET /favicon.ico HTTP/1.1[0m" 404 -
2026-04-18 23:24:57,733 [INFO] TapoAI: [MainView] Saved video ./recordings/MainView_0418-232421.mp4 and updated unified JSON event log
2026-04-18 23:31:58,417 [INFO] TapoAI: Shutdown requested via Menubar.
2026-04-18 23:31:58,483 [ERROR] werkzeug: Error on request:
Traceback (most recent call last):
  File "/Users/darren_dean/Desktop/tapo-vision/.venv/lib/python3.14/site-packages/werkzeug/serving.py", line 371, in run_wsgi
    execute(self.server.app)
    ~~~~~~~^^^^^^^^^^^^^^^^^
  File "/Users/darren_dean/Desktop/tapo-vision/.venv/lib/python3.14/site-packages/werkzeug/serving.py", line 334, in execute
    for data in application_iter:
                ^^^^^^^^^^^^^^^^
  File "/Users/darren_dean/Desktop/tapo-vision/.venv/lib/python3.14/site-packages/werkzeug/wsgi.py", line 270, in __next__
    return self._next()
           ~~~~~~~~~~^^
  File "/Users/darren_dean/Desktop/tapo-vision/.venv/lib/python3.14/site-packages/werkzeug/wrappers/response.py", line 32, in _iter_encoded
    for item in iterable:
                ^^^^^^^^
  File "/Users/darren_dean/Desktop/tapo-vision/my_tapo_ai.py", line 270, in generate_frames
    ret, buffer = cv2.imencode('.jpg', composite, [cv2.IMWRITE_JPEG_QUALITY, 80])
                  ~~~~~~~~~~~~^^^^^^^^^^^^^^^^^^^^^^^^^^^^^^^^^^^^^^^^^^^^^^^^^^^
cv2.error: OpenCV(4.13.0) /Users/xperience/GHA-OpenCV-Python/_work/opencv-python/opencv-python/opencv/modules/imgcodecs/src/loadsave.cpp:1643: error: (-2:Unspecified error) could not find encoder for the specified extension in function 'imencodeWithMetadata'
2026-04-18 23:32:00,010 [INFO] TapoAI: Starting Mac Menubar App. Check your menubar (top right) for the 📹 icon.
2026-04-18 23:32:00,014 [INFO] werkzeug: [31m[1mWARNING: This is a development server. Do not use it in a production deployment. Use a production WSGI server instead.[0m
 * Running on http://127.0.0.1:5050
2026-04-18 23:32:00,014 [INFO] werkzeug: [33mPress CTRL+C to quit[0m
2026-04-18 23:32:01,130 [INFO] TapoAI: [UPatio] Stream connected.
2026-04-18 23:32:02,399 [INFO] TapoAI: [Inside] Stream connected.
2026-04-18 23:32:04,458 [INFO] TapoAI: [LPatio] Stream connected.
2026-04-18 23:32:10,829 [INFO] werkzeug: 127.0.0.1 - - [18/Apr/2026 23:32:10] "GET / HTTP/1.1" 200 -
2026-04-18 23:32:10,838 [INFO] werkzeug: 127.0.0.1 - - [18/Apr/2026 23:32:10] "GET /video_feed HTTP/1.1" 200 -
2026-04-18 23:32:17,109 [INFO] werkzeug: 127.0.0.1 - - [18/Apr/2026 23:32:17] "GET / HTTP/1.1" 200 -
2026-04-18 23:32:17,130 [INFO] werkzeug: 127.0.0.1 - - [18/Apr/2026 23:32:17] "GET /video_feed HTTP/1.1" 200 -
2026-04-19 00:00:08,979 [INFO] werkzeug: 127.0.0.1 - - [19/Apr/2026 00:00:08] "GET / HTTP/1.1" 200 -
2026-04-19 00:00:09,039 [INFO] werkzeug: 127.0.0.1 - - [19/Apr/2026 00:00:09] "GET /video_feed HTTP/1.1" 200 -
2026-04-19 00:00:09,187 [INFO] werkzeug: 127.0.0.1 - - [19/Apr/2026 00:00:09] "[33mGET /favicon.ico HTTP/1.1[0m" 404 -
2026-04-19 00:29:34,314 [INFO] TapoAI: [Inside] Saved video ./recordings/Inside_0419-002854.mp4 and updated unified JSON event log
2026-04-19 00:41:53,870 [INFO] TapoAI: [Inside] Saved video ./recordings/Inside_0419-004145.mp4 and updated unified JSON event log
2026-04-19 00:42:05,927 [INFO] TapoAI: [Inside] Saved video ./recordings/Inside_0419-004157.mp4 and updated unified JSON event log
2026-04-19 00:42:19,943 [INFO] TapoAI: [Inside] Saved video ./recordings/Inside_0419-004211.mp4 and updated unified JSON event log
2026-04-19 00:44:06,538 [INFO] TapoAI: [Inside] Saved video ./recordings/Inside_0419-004358.mp4 and updated unified JSON event log
2026-04-19 00:44:51,818 [INFO] TapoAI: [Inside] Saved video ./recordings/Inside_0419-004443.mp4 and updated unified JSON event log
2026-04-19 00:45:16,590 [INFO] TapoAI: [Inside] Saved video ./recordings/Inside_0419-004508.mp4 and updated unified JSON event log
2026-04-19 00:45:50,013 [INFO] TapoAI: [Inside] Saved video ./recordings/Inside_0419-004541.mp4 and updated unified JSON event log
2026-04-19 00:46:08,940 [INFO] TapoAI: [Inside] Saved video ./recordings/Inside_0419-004600.mp4 and updated unified JSON event log
2026-04-19 00:46:21,768 [INFO] TapoAI: [Inside] Saved video ./recordings/Inside_0419-004613.mp4 and updated unified JSON event log
2026-04-19 00:46:39,102 [INFO] TapoAI: [Inside] Saved video ./recordings/Inside_0419-004624.mp4 and updated unified JSON event log
2026-04-19 00:52:11,750 [INFO] TapoAI: [Inside] Saved video ./recordings/Inside_0419-004639.mp4 and updated unified JSON event log
2026-04-19 01:08:05,763 [INFO] TapoAI: [Inside] Saved video ./recordings/Inside_0419-005212.mp4 and updated unified JSON event log
2026-04-19 01:08:28,698 [INFO] TapoAI: [Inside] Saved video ./recordings/Inside_0419-010807.mp4 and updated unified JSON event log
2026-04-19 01:10:12,864 [INFO] TapoAI: [Inside] Saved video ./recordings/Inside_0419-010830.mp4 and updated unified JSON event log
2026-04-19 01:10:35,422 [INFO] TapoAI: [Inside] Saved video ./recordings/Inside_0419-011014.mp4 and updated unified JSON event log
2026-04-19 01:11:39,677 [INFO] TapoAI: [Inside] Saved video ./recordings/Inside_0419-011035.mp4 and updated unified JSON event log
2026-04-19 01:12:23,739 [INFO] TapoAI: [Inside] Saved video ./recordings/Inside_0419-011140.mp4 and updated unified JSON event log
2026-04-19 01:15:20,015 [INFO] TapoAI: [Inside] Saved video ./recordings/Inside_0419-011227.mp4 and updated unified JSON event log
2026-04-19 01:15:36,603 [INFO] TapoAI: [Inside] Saved video ./recordings/Inside_0419-011520.mp4 and updated unified JSON event log
2026-04-19 01:16:29,125 [INFO] TapoAI: [Inside] Saved video ./recordings/Inside_0419-011537.mp4 and updated unified JSON event log
2026-04-19 01:16:41,826 [INFO] TapoAI: [Inside] Saved video ./recordings/Inside_0419-011631.mp4 and updated unified JSON event log
2026-04-19 01:17:02,126 [INFO] TapoAI: [Inside] Saved video ./recordings/Inside_0419-011644.mp4 and updated unified JSON event log
2026-04-19 01:18:05,889 [INFO] TapoAI: [Inside] Saved video ./recordings/Inside_0419-011703.mp4 and updated unified JSON event log
2026-04-19 01:18:16,932 [INFO] TapoAI: [Inside] Saved video ./recordings/Inside_0419-011808.mp4 and updated unified JSON event log
2026-04-19 01:18:35,780 [INFO] TapoAI: [Inside] Saved video ./recordings/Inside_0419-011817.mp4 and updated unified JSON event log
2026-04-19 01:19:56,330 [INFO] TapoAI: [Inside] Saved video ./recordings/Inside_0419-011845.mp4 and updated unified JSON event log
2026-04-19 01:20:13,011 [INFO] TapoAI: [Inside] Saved video ./recordings/Inside_0419-012000.mp4 and updated unified JSON event log
2026-04-19 01:20:22,373 [INFO] TapoAI: [Inside] Saved video ./recordings/Inside_0419-012013.mp4 and updated unified JSON event log
2026-04-19 01:21:38,733 [INFO] TapoAI: [Inside] Saved video ./recordings/Inside_0419-012022.mp4 and updated unified JSON event log
2026-04-19 01:21:57,294 [INFO] TapoAI: [Inside] Saved video ./recordings/Inside_0419-012140.mp4 and updated unified JSON event log
2026-04-19 01:22:14,316 [INFO] TapoAI: [Inside] Saved video ./recordings/Inside_0419-012157.mp4 and updated unified JSON event log
2026-04-19 01:22:32,811 [INFO] TapoAI: [Inside] Saved video ./recordings/Inside_0419-012224.mp4 and updated unified JSON event log
2026-04-19 01:22:42,547 [INFO] TapoAI: [Inside] Saved video ./recordings/Inside_0419-012233.mp4 and updated unified JSON event log
2026-04-19 01:24:05,198 [INFO] TapoAI: [Inside] Saved video ./recordings/Inside_0419-012248.mp4 and updated unified JSON event log
2026-04-19 01:25:05,570 [INFO] TapoAI: [Inside] Saved video ./recordings/Inside_0419-012406.mp4 and updated unified JSON event log
2026-04-19 01:26:00,146 [INFO] TapoAI: [Inside] Saved video ./recordings/Inside_0419-012506.mp4 and updated unified JSON event log
2026-04-19 01:26:39,220 [INFO] TapoAI: [Inside] Saved video ./recordings/Inside_0419-012600.mp4 and updated unified JSON event log
2026-04-19 01:27:12,379 [INFO] TapoAI: [Inside] Saved video ./recordings/Inside_0419-012640.mp4 and updated unified JSON event log
2026-04-19 01:27:26,902 [INFO] TapoAI: [Inside] Saved video ./recordings/Inside_0419-012718.mp4 and updated unified JSON event log
2026-04-19 01:28:12,596 [INFO] TapoAI: [Inside] Saved video ./recordings/Inside_0419-012747.mp4 and updated unified JSON event log
2026-04-19 01:28:26,507 [INFO] TapoAI: [Inside] Saved video ./recordings/Inside_0419-012818.mp4 and updated unified JSON event log
2026-04-19 01:28:56,586 [INFO] TapoAI: [Inside] Saved video ./recordings/Inside_0419-012847.mp4 and updated unified JSON event log
2026-04-19 01:29:16,726 [INFO] TapoAI: [Inside] Saved video ./recordings/Inside_0419-012856.mp4 and updated unified JSON event log
2026-04-19 01:29:25,836 [INFO] TapoAI: [Inside] Saved video ./recordings/Inside_0419-012917.mp4 and updated unified JSON event log
2026-04-19 01:30:04,402 [INFO] TapoAI: [Inside] Saved video ./recordings/Inside_0419-012931.mp4 and updated unified JSON event log
2026-04-19 01:30:38,105 [INFO] TapoAI: [Inside] Saved video ./recordings/Inside_0419-013021.mp4 and updated unified JSON event log
2026-04-19 01:31:34,297 [INFO] TapoAI: [Inside] Saved video ./recordings/Inside_0419-013049.mp4 and updated unified JSON event log
2026-04-19 01:32:08,759 [INFO] TapoAI: [Inside] Saved video ./recordings/Inside_0419-013137.mp4 and updated unified JSON event log
2026-04-19 01:32:41,061 [INFO] TapoAI: [Inside] Saved video ./recordings/Inside_0419-013232.mp4 and updated unified JSON event log
2026-04-19 01:32:52,787 [INFO] TapoAI: [Inside] Saved video ./recordings/Inside_0419-013242.mp4 and updated unified JSON event log
2026-04-19 01:33:10,252 [INFO] TapoAI: [Inside] Saved video ./recordings/Inside_0419-013257.mp4 and updated unified JSON event log
2026-04-19 01:33:30,661 [INFO] TapoAI: [Inside] Saved video ./recordings/Inside_0419-013311.mp4 and updated unified JSON event log
2026-04-19 01:33:40,352 [INFO] TapoAI: [Inside] Saved video ./recordings/Inside_0419-013332.mp4 and updated unified JSON event log
2026-04-19 01:33:51,586 [INFO] TapoAI: [Inside] Saved video ./recordings/Inside_0419-013342.mp4 and updated unified JSON event log
2026-04-19 01:34:21,560 [INFO] TapoAI: [Inside] Saved video ./recordings/Inside_0419-013406.mp4 and updated unified JSON event log
2026-04-19 01:35:07,215 [INFO] TapoAI: [Inside] Saved video ./recordings/Inside_0419-013452.mp4 and updated unified JSON event log
2026-04-19 01:35:29,841 [INFO] TapoAI: [Inside] Saved video ./recordings/Inside_0419-013510.mp4 and updated unified JSON event log
2026-04-19 01:35:51,935 [INFO] TapoAI: [Inside] Saved video ./recordings/Inside_0419-013534.mp4 and updated unified JSON event log
2026-04-19 01:36:18,132 [INFO] TapoAI: [Inside] Saved video ./recordings/Inside_0419-013557.mp4 and updated unified JSON event log
2026-04-19 01:36:28,672 [INFO] TapoAI: [Inside] Saved video ./recordings/Inside_0419-013618.mp4 and updated unified JSON event log
2026-04-19 01:37:59,665 [INFO] TapoAI: [Inside] Saved video ./recordings/Inside_0419-013632.mp4 and updated unified JSON event log
2026-04-19 01:38:18,076 [INFO] TapoAI: [Inside] Saved video ./recordings/Inside_0419-013800.mp4 and updated unified JSON event log
2026-04-19 01:38:32,303 [INFO] TapoAI: [Inside] Saved video ./recordings/Inside_0419-013818.mp4 and updated unified JSON event log
2026-04-19 01:39:45,000 [INFO] TapoAI: [Inside] Saved video ./recordings/Inside_0419-013832.mp4 and updated unified JSON event log
2026-04-19 01:40:27,815 [WARNING] TapoAI: [UPatio] Stream lost, reconnecting in 3s...
2026-04-19 01:40:32,961 [INFO] TapoAI: [UPatio] Stream connected.
2026-04-19 01:40:36,328 [WARNING] TapoAI: [Inside] Stream lost, reconnecting in 3s...
2026-04-19 01:40:41,479 [INFO] TapoAI: [Inside] Stream connected.
2026-04-19 01:40:45,057 [WARNING] TapoAI: [LPatio] Stream lost, reconnecting in 3s...
2026-04-19 01:40:50,197 [INFO] TapoAI: [LPatio] Stream connected.
2026-04-19 01:41:34,499 [INFO] TapoAI: [Inside] Saved video ./recordings/Inside_0419-014015.mp4 and updated unified JSON event log
2026-04-19 01:42:26,802 [WARNING] TapoAI: [UPatio] Stream lost, reconnecting in 3s...
2026-04-19 01:42:26,803 [WARNING] TapoAI: [Inside] Stream lost, reconnecting in 3s...
2026-04-19 01:42:31,891 [INFO] TapoAI: [UPatio] Stream connected.
2026-04-19 01:42:33,948 [INFO] TapoAI: [Inside] Stream connected.
2026-04-19 01:42:34,610 [WARNING] TapoAI: [LPatio] Stream lost, reconnecting in 3s...
2026-04-19 01:42:39,799 [INFO] TapoAI: [LPatio] Stream connected.
2026-04-19 01:42:49,893 [INFO] TapoAI: [Inside] Saved video ./recordings/Inside_0419-014239.mp4 and updated unified JSON event log
2026-04-19 01:43:50,991 [INFO] TapoAI: [Inside] Saved video ./recordings/Inside_0419-014253.mp4 and updated unified JSON event log
2026-04-19 01:44:59,281 [INFO] TapoAI: [Inside] Saved video ./recordings/Inside_0419-014353.mp4 and updated unified JSON event log
2026-04-19 01:49:35,039 [INFO] TapoAI: [Inside] Saved video ./recordings/Inside_0419-014500.mp4 and updated unified JSON event log
2026-04-19 01:52:37,544 [INFO] TapoAI: [Inside] Saved video ./recordings/Inside_0419-014936.mp4 and updated unified JSON event log
2026-04-19 01:52:58,015 [INFO] TapoAI: [Inside] Saved video ./recordings/Inside_0419-015237.mp4 and updated unified JSON event log
2026-04-19 01:58:52,169 [INFO] TapoAI: [Inside] Saved video ./recordings/Inside_0419-015259.mp4 and updated unified JSON event log
2026-04-19 02:05:33,921 [INFO] TapoAI: [Inside] Saved video ./recordings/Inside_0419-015853.mp4 and updated unified JSON event log
2026-04-19 02:08:43,097 [INFO] TapoAI: [Inside] Saved video ./recordings/Inside_0419-020534.mp4 and updated unified JSON event log
2026-04-19 02:12:16,233 [INFO] TapoAI: [Inside] Saved video ./recordings/Inside_0419-020847.mp4 and updated unified JSON event log
2026-04-19 02:13:28,904 [INFO] TapoAI: [Inside] Saved video ./recordings/Inside_0419-021216.mp4 and updated unified JSON event log
2026-04-19 02:14:00,280 [INFO] TapoAI: [Inside] Saved video ./recordings/Inside_0419-021329.mp4 and updated unified JSON event log
2026-04-19 02:15:40,109 [INFO] TapoAI: [Inside] Saved video ./recordings/Inside_0419-021407.mp4 and updated unified JSON event log
2026-04-19 02:18:00,350 [INFO] TapoAI: [Inside] Saved video ./recordings/Inside_0419-021544.mp4 and updated unified JSON event log
2026-04-19 02:18:13,290 [INFO] TapoAI: [Inside] Saved video ./recordings/Inside_0419-021801.mp4 and updated unified JSON event log
2026-04-19 02:20:03,809 [INFO] TapoAI: [Inside] Saved video ./recordings/Inside_0419-021815.mp4 and updated unified JSON event log
2026-04-19 02:20:39,241 [INFO] TapoAI: [Inside] Saved video ./recordings/Inside_0419-022004.mp4 and updated unified JSON event log
2026-04-19 02:22:01,226 [INFO] TapoAI: [Inside] Saved video ./recordings/Inside_0419-022039.mp4 and updated unified JSON event log
2026-04-19 02:22:42,841 [INFO] TapoAI: [Inside] Saved video ./recordings/Inside_0419-022205.mp4 and updated unified JSON event log
2026-04-19 02:22:55,980 [INFO] TapoAI: [Inside] Saved video ./recordings/Inside_0419-022247.mp4 and updated unified JSON event log
2026-04-19 02:23:09,473 [INFO] TapoAI: [Inside] Saved video ./recordings/Inside_0419-022259.mp4 and updated unified JSON event log
2026-04-19 02:23:40,148 [INFO] TapoAI: [Inside] Saved video ./recordings/Inside_0419-022309.mp4 and updated unified JSON event log
2026-04-19 02:27:28,275 [INFO] TapoAI: [Inside] Saved video ./recordings/Inside_0419-022340.mp4 and updated unified JSON event log
2026-04-19 02:28:31,540 [INFO] TapoAI: [Inside] Saved video ./recordings/Inside_0419-022735.mp4 and updated unified JSON event log
2026-04-19 02:29:37,709 [INFO] TapoAI: [Inside] Saved video ./recordings/Inside_0419-022832.mp4 and updated unified JSON event log
2026-04-19 02:30:11,351 [INFO] TapoAI: [Inside] Saved video ./recordings/Inside_0419-022942.mp4 and updated unified JSON event log
2026-04-19 03:00:16,072 [WARNING] TapoAI: [LPatio] Stream lost, reconnecting in 3s...
2026-04-19 03:00:16,073 [WARNING] TapoAI: [UPatio] Stream lost, reconnecting in 3s...
2026-04-19 03:00:16,074 [WARNING] TapoAI: [Inside] Stream lost, reconnecting in 3s...
2026-04-19 03:00:19,248 [WARNING] TapoAI: [LPatio] Stream unavailable, retrying in 5s...
2026-04-19 03:00:19,291 [WARNING] TapoAI: [UPatio] Stream unavailable, retrying in 5s...
2026-04-19 03:00:19,327 [WARNING] TapoAI: [Inside] Stream unavailable, retrying in 5s...
2026-04-19 03:00:24,411 [WARNING] TapoAI: [LPatio] Stream unavailable, retrying in 5s...
2026-04-19 03:00:24,448 [WARNING] TapoAI: [UPatio] Stream unavailable, retrying in 5s...
2026-04-19 03:00:24,496 [WARNING] TapoAI: [Inside] Stream unavailable, retrying in 5s...
2026-04-19 03:00:29,612 [WARNING] TapoAI: [LPatio] Stream unavailable, retrying in 5s...
2026-04-19 03:00:29,649 [WARNING] TapoAI: [UPatio] Stream unavailable, retrying in 5s...
2026-04-19 03:00:29,687 [WARNING] TapoAI: [Inside] Stream unavailable, retrying in 5s...
2026-04-19 03:00:34,730 [WARNING] TapoAI: [LPatio] Stream unavailable, retrying in 5s...
2026-04-19 03:00:34,766 [WARNING] TapoAI: [UPatio] Stream unavailable, retrying in 5s...
2026-04-19 03:00:34,898 [WARNING] TapoAI: [Inside] Stream unavailable, retrying in 5s...
2026-04-19 03:00:39,848 [WARNING] TapoAI: [LPatio] Stream unavailable, retrying in 5s...
2026-04-19 03:00:39,902 [WARNING] TapoAI: [UPatio] Stream unavailable, retrying in 5s...
2026-04-19 03:00:40,060 [WARNING] TapoAI: [Inside] Stream unavailable, retrying in 5s...
2026-04-19 03:00:45,000 [WARNING] TapoAI: [LPatio] Stream unavailable, retrying in 5s...
2026-04-19 03:00:45,135 [WARNING] TapoAI: [UPatio] Stream unavailable, retrying in 5s...
2026-04-19 03:00:45,268 [WARNING] TapoAI: [Inside] Stream unavailable, retrying in 5s...
2026-04-19 03:00:50,143 [WARNING] TapoAI: [LPatio] Stream unavailable, retrying in 5s...
2026-04-19 03:00:50,377 [WARNING] TapoAI: [UPatio] Stream unavailable, retrying in 5s...
2026-04-19 03:00:50,514 [WARNING] TapoAI: [Inside] Stream unavailable, retrying in 5s...
2026-04-19 03:00:55,326 [WARNING] TapoAI: [LPatio] Stream unavailable, retrying in 5s...
2026-04-19 03:00:55,561 [WARNING] TapoAI: [UPatio] Stream unavailable, retrying in 5s...
2026-04-19 03:00:55,611 [WARNING] TapoAI: [Inside] Stream unavailable, retrying in 5s...
2026-04-19 03:01:00,495 [WARNING] TapoAI: [LPatio] Stream unavailable, retrying in 5s...
2026-04-19 03:01:00,735 [WARNING] TapoAI: [UPatio] Stream unavailable, retrying in 5s...
2026-04-19 03:01:00,772 [WARNING] TapoAI: [Inside] Stream unavailable, retrying in 5s...
2026-04-19 03:01:05,661 [WARNING] TapoAI: [LPatio] Stream unavailable, retrying in 5s...
2026-04-19 03:01:05,920 [WARNING] TapoAI: [UPatio] Stream unavailable, retrying in 5s...
2026-04-19 03:01:05,957 [WARNING] TapoAI: [Inside] Stream unavailable, retrying in 5s...
2026-04-19 03:01:10,831 [WARNING] TapoAI: [LPatio] Stream unavailable, retrying in 5s...
2026-04-19 03:01:11,005 [WARNING] TapoAI: [Inside] Stream unavailable, retrying in 5s...
2026-04-19 03:01:11,040 [WARNING] TapoAI: [UPatio] Stream unavailable, retrying in 5s...
2026-04-19 03:01:16,019 [WARNING] TapoAI: [LPatio] Stream unavailable, retrying in 5s...
2026-04-19 03:01:16,208 [WARNING] TapoAI: [Inside] Stream unavailable, retrying in 5s...
2026-04-19 03:01:16,244 [WARNING] TapoAI: [UPatio] Stream unavailable, retrying in 5s...
2026-04-19 03:01:21,177 [WARNING] TapoAI: [LPatio] Stream unavailable, retrying in 5s...
2026-04-19 03:01:21,410 [WARNING] TapoAI: [Inside] Stream unavailable, retrying in 5s...
2026-04-19 03:01:21,447 [WARNING] TapoAI: [UPatio] Stream unavailable, retrying in 5s...
2026-04-19 03:01:26,312 [WARNING] TapoAI: [LPatio] Stream unavailable, retrying in 5s...
2026-04-19 03:01:26,647 [WARNING] TapoAI: [Inside] Stream unavailable, retrying in 5s...
2026-04-19 03:01:26,685 [WARNING] TapoAI: [UPatio] Stream unavailable, retrying in 5s...
2026-04-19 03:01:31,488 [WARNING] TapoAI: [LPatio] Stream unavailable, retrying in 5s...
2026-04-19 03:01:31,824 [WARNING] TapoAI: [Inside] Stream unavailable, retrying in 5s...
2026-04-19 03:01:31,862 [WARNING] TapoAI: [UPatio] Stream unavailable, retrying in 5s...
2026-04-19 03:01:36,645 [WARNING] TapoAI: [LPatio] Stream unavailable, retrying in 5s...
2026-04-19 03:01:36,986 [WARNING] TapoAI: [Inside] Stream unavailable, retrying in 5s...
2026-04-19 03:01:37,113 [WARNING] TapoAI: [UPatio] Stream unavailable, retrying in 5s...
2026-04-19 03:01:41,724 [WARNING] TapoAI: [LPatio] Stream unavailable, retrying in 5s...
2026-04-19 03:01:42,158 [WARNING] TapoAI: [Inside] Stream unavailable, retrying in 5s...
2026-04-19 03:01:42,298 [WARNING] TapoAI: [UPatio] Stream unavailable, retrying in 5s...
2026-04-19 03:01:46,912 [WARNING] TapoAI: [LPatio] Stream unavailable, retrying in 5s...
2026-04-19 03:01:47,352 [WARNING] TapoAI: [Inside] Stream unavailable, retrying in 5s...
2026-04-19 03:01:47,505 [WARNING] TapoAI: [UPatio] Stream unavailable, retrying in 5s...
2026-04-19 03:01:52,096 [WARNING] TapoAI: [LPatio] Stream unavailable, retrying in 5s...
2026-04-19 03:01:52,534 [WARNING] TapoAI: [Inside] Stream unavailable, retrying in 5s...
2026-04-19 03:01:52,682 [WARNING] TapoAI: [UPatio] Stream unavailable, retrying in 5s...
2026-04-19 03:01:57,267 [WARNING] TapoAI: [LPatio] Stream unavailable, retrying in 5s...
2026-04-19 03:01:57,701 [WARNING] TapoAI: [Inside] Stream unavailable, retrying in 5s...
2026-04-19 03:01:57,937 [WARNING] TapoAI: [UPatio] Stream unavailable, retrying in 5s...
2026-04-19 03:02:02,387 [WARNING] TapoAI: [LPatio] Stream unavailable, retrying in 5s...
2026-04-19 03:02:02,925 [WARNING] TapoAI: [Inside] Stream unavailable, retrying in 5s...
2026-04-19 03:02:03,086 [WARNING] TapoAI: [UPatio] Stream unavailable, retrying in 5s...
2026-04-19 03:02:07,601 [WARNING] TapoAI: [LPatio] Stream unavailable, retrying in 5s...
2026-04-19 03:02:08,138 [WARNING] TapoAI: [Inside] Stream unavailable, retrying in 5s...
2026-04-19 03:02:08,176 [WARNING] TapoAI: [UPatio] Stream unavailable, retrying in 5s...
2026-04-19 03:02:12,726 [WARNING] TapoAI: [LPatio] Stream unavailable, retrying in 5s...
2026-04-19 03:02:13,265 [WARNING] TapoAI: [UPatio] Stream unavailable, retrying in 5s...
2026-04-19 03:02:13,301 [WARNING] TapoAI: [Inside] Stream unavailable, retrying in 5s...
2026-04-19 03:02:17,812 [WARNING] TapoAI: [LPatio] Stream unavailable, retrying in 5s...
2026-04-19 03:02:18,452 [WARNING] TapoAI: [UPatio] Stream unavailable, retrying in 5s...
2026-04-19 03:02:18,489 [WARNING] TapoAI: [Inside] Stream unavailable, retrying in 5s...
2026-04-19 03:02:22,995 [WARNING] TapoAI: [LPatio] Stream unavailable, retrying in 5s...
2026-04-19 03:02:23,529 [WARNING] TapoAI: [UPatio] Stream unavailable, retrying in 5s...
2026-04-19 03:02:23,663 [WARNING] TapoAI: [Inside] Stream unavailable, retrying in 5s...
2026-04-19 03:02:28,252 [WARNING] TapoAI: [LPatio] Stream unavailable, retrying in 5s...
2026-04-19 03:02:28,778 [WARNING] TapoAI: [UPatio] Stream unavailable, retrying in 5s...
2026-04-19 03:02:28,913 [WARNING] TapoAI: [Inside] Stream unavailable, retrying in 5s...
2026-04-19 03:02:33,439 [WARNING] TapoAI: [LPatio] Stream unavailable, retrying in 5s...
2026-04-19 03:02:33,952 [WARNING] TapoAI: [UPatio] Stream unavailable, retrying in 5s...
2026-04-19 03:02:34,087 [WARNING] TapoAI: [Inside] Stream unavailable, retrying in 5s...
2026-04-19 03:02:38,486 [WARNING] TapoAI: [LPatio] Stream unavailable, retrying in 5s...
2026-04-19 03:02:39,127 [WARNING] TapoAI: [UPatio] Stream unavailable, retrying in 5s...
2026-04-19 03:02:39,259 [WARNING] TapoAI: [Inside] Stream unavailable, retrying in 5s...
2026-04-19 03:02:43,716 [WARNING] TapoAI: [LPatio] Stream unavailable, retrying in 5s...
2026-04-19 03:02:44,209 [WARNING] TapoAI: [UPatio] Stream unavailable, retrying in 5s...
2026-04-19 03:02:44,443 [WARNING] TapoAI: [Inside] Stream unavailable, retrying in 5s...
2026-04-19 03:02:48,891 [WARNING] TapoAI: [LPatio] Stream unavailable, retrying in 5s...
2026-04-19 03:02:49,432 [WARNING] TapoAI: [UPatio] Stream unavailable, retrying in 5s...
2026-04-19 03:02:49,663 [WARNING] TapoAI: [Inside] Stream unavailable, retrying in 5s...
2026-04-19 03:02:54,074 [WARNING] TapoAI: [LPatio] Stream unavailable, retrying in 5s...
2026-04-19 03:02:54,616 [WARNING] TapoAI: [UPatio] Stream unavailable, retrying in 5s...
2026-04-19 03:02:54,847 [WARNING] TapoAI: [Inside] Stream unavailable, retrying in 5s...
2026-04-19 03:02:59,292 [WARNING] TapoAI: [LPatio] Stream unavailable, retrying in 5s...
2026-04-19 03:02:59,722 [WARNING] TapoAI: [UPatio] Stream unavailable, retrying in 5s...
2026-04-19 03:03:00,056 [WARNING] TapoAI: [Inside] Stream unavailable, retrying in 5s...
2026-04-19 03:03:04,426 [WARNING] TapoAI: [LPatio] Stream unavailable, retrying in 5s...
2026-04-19 03:03:04,899 [WARNING] TapoAI: [UPatio] Stream unavailable, retrying in 5s...
2026-04-19 03:03:05,161 [WARNING] TapoAI: [Inside] Stream unavailable, retrying in 5s...
2026-04-19 03:03:09,602 [WARNING] TapoAI: [LPatio] Stream unavailable, retrying in 5s...
2026-04-19 03:03:10,049 [WARNING] TapoAI: [UPatio] Stream unavailable, retrying in 5s...
2026-04-19 03:03:10,382 [WARNING] TapoAI: [Inside] Stream unavailable, retrying in 5s...
2026-04-19 03:03:14,711 [WARNING] TapoAI: [LPatio] Stream unavailable, retrying in 5s...
2026-04-19 03:03:15,254 [WARNING] TapoAI: [UPatio] Stream unavailable, retrying in 5s...
2026-04-19 03:03:15,568 [WARNING] TapoAI: [Inside] Stream unavailable, retrying in 5s...
2026-04-19 03:03:19,888 [WARNING] TapoAI: [LPatio] Stream unavailable, retrying in 5s...
2026-04-19 03:03:20,430 [WARNING] TapoAI: [UPatio] Stream unavailable, retrying in 5s...
2026-04-19 03:03:20,762 [WARNING] TapoAI: [Inside] Stream unavailable, retrying in 5s...
2026-04-19 03:03:25,035 [WARNING] TapoAI: [LPatio] Stream unavailable, retrying in 5s...
2026-04-19 03:03:25,582 [WARNING] TapoAI: [UPatio] Stream unavailable, retrying in 5s...
2026-04-19 03:03:25,946 [WARNING] TapoAI: [Inside] Stream unavailable, retrying in 5s...
2026-04-19 03:03:30,289 [WARNING] TapoAI: [LPatio] Stream unavailable, retrying in 5s...
2026-04-19 03:03:30,729 [WARNING] TapoAI: [UPatio] Stream unavailable, retrying in 5s...
2026-04-19 03:03:31,062 [WARNING] TapoAI: [Inside] Stream unavailable, retrying in 5s...
2026-04-19 03:03:35,545 [WARNING] TapoAI: [LPatio] Stream unavailable, retrying in 5s...
2026-04-19 03:03:35,870 [WARNING] TapoAI: [UPatio] Stream unavailable, retrying in 5s...
2026-04-19 03:03:36,112 [WARNING] TapoAI: [Inside] Stream unavailable, retrying in 5s...
2026-04-19 03:03:40,797 [WARNING] TapoAI: [LPatio] Stream unavailable, retrying in 5s...
2026-04-19 03:03:41,042 [WARNING] TapoAI: [UPatio] Stream unavailable, retrying in 5s...
2026-04-19 03:03:41,274 [WARNING] TapoAI: [Inside] Stream unavailable, retrying in 5s...
2026-04-19 03:03:45,953 [WARNING] TapoAI: [LPatio] Stream unavailable, retrying in 5s...
2026-04-19 03:03:46,287 [WARNING] TapoAI: [UPatio] Stream unavailable, retrying in 5s...
2026-04-19 03:03:46,431 [WARNING] TapoAI: [Inside] Stream unavailable, retrying in 5s...
2026-04-19 03:03:51,139 [WARNING] TapoAI: [LPatio] Stream unavailable, retrying in 5s...
2026-04-19 03:03:51,476 [WARNING] TapoAI: [UPatio] Stream unavailable, retrying in 5s...
2026-04-19 03:03:51,592 [WARNING] TapoAI: [Inside] Stream unavailable, retrying in 5s...
2026-04-19 03:03:56,402 [WARNING] TapoAI: [LPatio] Stream unavailable, retrying in 5s...
2026-04-19 03:03:56,634 [WARNING] TapoAI: [UPatio] Stream unavailable, retrying in 5s...
2026-04-19 03:03:56,794 [WARNING] TapoAI: [Inside] Stream unavailable, retrying in 5s...
2026-04-19 03:04:01,540 [WARNING] TapoAI: [LPatio] Stream unavailable, retrying in 5s...
2026-04-19 03:04:01,818 [WARNING] TapoAI: [UPatio] Stream unavailable, retrying in 5s...
2026-04-19 03:04:01,953 [WARNING] TapoAI: [Inside] Stream unavailable, retrying in 5s...
2026-04-19 03:04:06,676 [WARNING] TapoAI: [LPatio] Stream unavailable, retrying in 5s...
2026-04-19 03:04:07,044 [WARNING] TapoAI: [UPatio] Stream unavailable, retrying in 5s...
2026-04-19 03:04:07,177 [WARNING] TapoAI: [Inside] Stream unavailable, retrying in 5s...
2026-04-19 03:04:11,903 [WARNING] TapoAI: [LPatio] Stream unavailable, retrying in 5s...
2026-04-19 03:04:12,265 [WARNING] TapoAI: [UPatio] Stream unavailable, retrying in 5s...
2026-04-19 03:04:12,401 [WARNING] TapoAI: [Inside] Stream unavailable, retrying in 5s...
2026-04-19 03:04:17,036 [WARNING] TapoAI: [LPatio] Stream unavailable, retrying in 5s...
2026-04-19 03:04:17,483 [WARNING] TapoAI: [UPatio] Stream unavailable, retrying in 5s...
2026-04-19 03:04:17,615 [WARNING] TapoAI: [Inside] Stream unavailable, retrying in 5s...
2026-04-19 03:04:22,274 [WARNING] TapoAI: [LPatio] Stream unavailable, retrying in 5s...
2026-04-19 03:04:22,709 [WARNING] TapoAI: [UPatio] Stream unavailable, retrying in 5s...
2026-04-19 03:04:22,762 [WARNING] TapoAI: [Inside] Stream unavailable, retrying in 5s...
2026-04-19 03:04:27,461 [WARNING] TapoAI: [LPatio] Stream unavailable, retrying in 5s...
2026-04-19 03:04:27,799 [WARNING] TapoAI: [UPatio] Stream unavailable, retrying in 5s...
2026-04-19 03:04:27,839 [WARNING] TapoAI: [Inside] Stream unavailable, retrying in 5s...
2026-04-19 03:04:32,606 [WARNING] TapoAI: [LPatio] Stream unavailable, retrying in 5s...
2026-04-19 03:04:32,975 [WARNING] TapoAI: [UPatio] Stream unavailable, retrying in 5s...
2026-04-19 03:04:33,014 [WARNING] TapoAI: [Inside] Stream unavailable, retrying in 5s...
2026-04-19 03:04:37,785 [WARNING] TapoAI: [LPatio] Stream unavailable, retrying in 5s...
2026-04-19 03:04:38,144 [WARNING] TapoAI: [UPatio] Stream unavailable, retrying in 5s...
2026-04-19 03:04:38,178 [WARNING] TapoAI: [Inside] Stream unavailable, retrying in 5s...
2026-04-19 03:04:42,926 [WARNING] TapoAI: [LPatio] Stream unavailable, retrying in 5s...
2026-04-19 03:04:43,325 [WARNING] TapoAI: [UPatio] Stream unavailable, retrying in 5s...
2026-04-19 03:04:43,361 [WARNING] TapoAI: [Inside] Stream unavailable, retrying in 5s...
2026-04-19 03:04:48,121 [WARNING] TapoAI: [LPatio] Stream unavailable, retrying in 5s...
2026-04-19 03:04:48,560 [WARNING] TapoAI: [UPatio] Stream unavailable, retrying in 5s...
2026-04-19 03:04:48,596 [WARNING] TapoAI: [Inside] Stream unavailable, retrying in 5s...
2026-04-19 03:04:53,297 [WARNING] TapoAI: [LPatio] Stream unavailable, retrying in 5s...
2026-04-19 03:04:53,714 [WARNING] TapoAI: [UPatio] Stream unavailable, retrying in 5s...
2026-04-19 03:04:53,750 [WARNING] TapoAI: [Inside] Stream unavailable, retrying in 5s...
2026-04-19 03:04:58,474 [WARNING] TapoAI: [LPatio] Stream unavailable, retrying in 5s...
2026-04-19 03:04:58,914 [WARNING] TapoAI: [UPatio] Stream unavailable, retrying in 5s...
2026-04-19 03:04:58,952 [WARNING] TapoAI: [Inside] Stream unavailable, retrying in 5s...
2026-04-19 03:05:03,567 [WARNING] TapoAI: [LPatio] Stream unavailable, retrying in 5s...
2026-04-19 03:05:04,106 [WARNING] TapoAI: [UPatio] Stream unavailable, retrying in 5s...
2026-04-19 03:05:04,143 [WARNING] TapoAI: [Inside] Stream unavailable, retrying in 5s...
2026-04-19 03:05:08,790 [WARNING] TapoAI: [LPatio] Stream unavailable, retrying in 5s...
2026-04-19 03:05:09,328 [WARNING] TapoAI: [UPatio] Stream unavailable, retrying in 5s...
2026-04-19 03:05:09,365 [WARNING] TapoAI: [Inside] Stream unavailable, retrying in 5s...
2026-04-19 03:05:13,944 [WARNING] TapoAI: [LPatio] Stream unavailable, retrying in 5s...
2026-04-19 03:05:14,507 [WARNING] TapoAI: [UPatio] Stream unavailable, retrying in 5s...
2026-04-19 03:05:14,543 [WARNING] TapoAI: [Inside] Stream unavailable, retrying in 5s...
2026-04-19 03:05:19,140 [WARNING] TapoAI: [LPatio] Stream unavailable, retrying in 5s...
2026-04-19 03:05:19,685 [WARNING] TapoAI: [UPatio] Stream unavailable, retrying in 5s...
2026-04-19 03:05:19,722 [WARNING] TapoAI: [Inside] Stream unavailable, retrying in 5s...
2026-04-19 03:05:24,366 [WARNING] TapoAI: [LPatio] Stream unavailable, retrying in 5s...
2026-04-19 03:05:24,902 [WARNING] TapoAI: [UPatio] Stream unavailable, retrying in 5s...
2026-04-19 03:05:24,939 [WARNING] TapoAI: [Inside] Stream unavailable, retrying in 5s...
2026-04-19 03:05:29,598 [WARNING] TapoAI: [LPatio] Stream unavailable, retrying in 5s...
2026-04-19 03:05:30,135 [WARNING] TapoAI: [UPatio] Stream unavailable, retrying in 5s...
2026-04-19 03:05:30,243 [WARNING] TapoAI: [Inside] Stream unavailable, retrying in 5s...
2026-04-19 03:05:34,813 [WARNING] TapoAI: [LPatio] Stream unavailable, retrying in 5s...
2026-04-19 03:05:35,381 [WARNING] TapoAI: [UPatio] Stream unavailable, retrying in 5s...
2026-04-19 03:05:35,417 [WARNING] TapoAI: [Inside] Stream unavailable, retrying in 5s...
2026-04-19 03:05:40,042 [WARNING] TapoAI: [LPatio] Stream unavailable, retrying in 5s...
2026-04-19 03:05:40,582 [WARNING] TapoAI: [UPatio] Stream unavailable, retrying in 5s...
2026-04-19 03:05:40,619 [WARNING] TapoAI: [Inside] Stream unavailable, retrying in 5s...
2026-04-19 03:05:45,267 [WARNING] TapoAI: [LPatio] Stream unavailable, retrying in 5s...
2026-04-19 03:05:45,805 [WARNING] TapoAI: [UPatio] Stream unavailable, retrying in 5s...
2026-04-19 03:05:45,842 [WARNING] TapoAI: [Inside] Stream unavailable, retrying in 5s...
2026-04-19 03:05:50,426 [WARNING] TapoAI: [LPatio] Stream unavailable, retrying in 5s...
2026-04-19 03:05:50,981 [WARNING] TapoAI: [UPatio] Stream unavailable, retrying in 5s...
2026-04-19 03:05:51,029 [WARNING] TapoAI: [Inside] Stream unavailable, retrying in 5s...
2026-04-19 03:05:55,604 [WARNING] TapoAI: [LPatio] Stream unavailable, retrying in 5s...
2026-04-19 03:05:56,144 [WARNING] TapoAI: [UPatio] Stream unavailable, retrying in 5s...
2026-04-19 03:05:56,180 [WARNING] TapoAI: [Inside] Stream unavailable, retrying in 5s...
2026-04-19 03:06:00,645 [WARNING] TapoAI: [LPatio] Stream unavailable, retrying in 5s...
2026-04-19 03:06:01,287 [WARNING] TapoAI: [UPatio] Stream unavailable, retrying in 5s...
2026-04-19 03:06:01,419 [WARNING] TapoAI: [Inside] Stream unavailable, retrying in 5s...
2026-04-19 03:06:05,796 [WARNING] TapoAI: [LPatio] Stream unavailable, retrying in 5s...
2026-04-19 03:06:06,460 [WARNING] TapoAI: [UPatio] Stream unavailable, retrying in 5s...
2026-04-19 03:06:06,583 [WARNING] TapoAI: [Inside] Stream unavailable, retrying in 5s...
2026-04-19 03:06:10,959 [WARNING] TapoAI: [LPatio] Stream unavailable, retrying in 5s...
2026-04-19 03:06:11,695 [WARNING] TapoAI: [UPatio] Stream unavailable, retrying in 5s...
2026-04-19 03:06:11,731 [WARNING] TapoAI: [Inside] Stream unavailable, retrying in 5s...
2026-04-19 03:06:16,154 [WARNING] TapoAI: [LPatio] Stream unavailable, retrying in 5s...
2026-04-19 03:06:16,811 [WARNING] TapoAI: [UPatio] Stream unavailable, retrying in 5s...
2026-04-19 03:06:16,947 [WARNING] TapoAI: [Inside] Stream unavailable, retrying in 5s...
2026-04-19 03:06:21,344 [WARNING] TapoAI: [LPatio] Stream unavailable, retrying in 5s...
2026-04-19 03:06:21,980 [WARNING] TapoAI: [UPatio] Stream unavailable, retrying in 5s...
2026-04-19 03:06:22,113 [WARNING] TapoAI: [Inside] Stream unavailable, retrying in 5s...
2026-04-19 03:06:26,531 [WARNING] TapoAI: [LPatio] Stream unavailable, retrying in 5s...
2026-04-19 03:06:27,171 [WARNING] TapoAI: [UPatio] Stream unavailable, retrying in 5s...
2026-04-19 03:06:27,303 [WARNING] TapoAI: [Inside] Stream unavailable, retrying in 5s...
2026-04-19 03:06:31,708 [WARNING] TapoAI: [LPatio] Stream unavailable, retrying in 5s...
2026-04-19 03:06:32,347 [WARNING] TapoAI: [UPatio] Stream unavailable, retrying in 5s...
2026-04-19 03:06:32,481 [WARNING] TapoAI: [Inside] Stream unavailable, retrying in 5s...
2026-04-19 03:06:36,811 [WARNING] TapoAI: [LPatio] Stream unavailable, retrying in 5s...
2026-04-19 03:06:37,554 [WARNING] TapoAI: [UPatio] Stream unavailable, retrying in 5s...
2026-04-19 03:06:37,591 [WARNING] TapoAI: [Inside] Stream unavailable, retrying in 5s...
2026-04-19 03:06:41,991 [WARNING] TapoAI: [LPatio] Stream unavailable, retrying in 5s...
2026-04-19 03:06:42,636 [WARNING] TapoAI: [Inside] Stream unavailable, retrying in 5s...
2026-04-19 03:06:42,771 [WARNING] TapoAI: [UPatio] Stream unavailable, retrying in 5s...
2026-04-19 03:06:47,244 [WARNING] TapoAI: [LPatio] Stream unavailable, retrying in 5s...
2026-04-19 03:06:47,782 [WARNING] TapoAI: [Inside] Stream unavailable, retrying in 5s...
2026-04-19 03:06:47,931 [WARNING] TapoAI: [UPatio] Stream unavailable, retrying in 5s...
2026-04-19 03:06:52,310 [WARNING] TapoAI: [LPatio] Stream unavailable, retrying in 5s...
2026-04-19 03:06:52,950 [WARNING] TapoAI: [Inside] Stream unavailable, retrying in 5s...
2026-04-19 03:06:53,185 [WARNING] TapoAI: [UPatio] Stream unavailable, retrying in 5s...
2026-04-19 03:06:57,353 [WARNING] TapoAI: [LPatio] Stream unavailable, retrying in 5s...
2026-04-19 03:06:58,046 [WARNING] TapoAI: [Inside] Stream unavailable, retrying in 5s...
2026-04-19 03:06:58,386 [WARNING] TapoAI: [UPatio] Stream unavailable, retrying in 5s...
2026-04-19 03:07:04,457 [INFO] TapoAI: [LPatio] Stream connected.
2026-04-19 03:07:06,507 [INFO] TapoAI: [Inside] Stream connected.
2026-04-19 03:07:08,597 [INFO] TapoAI: [UPatio] Stream connected.
2026-04-19 03:11:00,856 [INFO] TapoAI: [UPatio] Saved video ./recordings/UPatio_0419-031050.mp4 and updated unified JSON event log
2026-04-19 03:37:34,619 [WARNING] TapoAI: [Inside] Stream lost, reconnecting in 3s...
2026-04-19 03:37:34,619 [WARNING] TapoAI: [LPatio] Stream lost, reconnecting in 3s...
2026-04-19 03:37:34,619 [WARNING] TapoAI: [UPatio] Stream lost, reconnecting in 3s...
2026-04-19 03:37:37,792 [WARNING] TapoAI: [UPatio] Stream unavailable, retrying in 5s...
2026-04-19 03:37:37,831 [WARNING] TapoAI: [LPatio] Stream unavailable, retrying in 5s...
2026-04-19 03:37:37,868 [WARNING] TapoAI: [Inside] Stream unavailable, retrying in 5s...
2026-04-19 03:37:42,971 [WARNING] TapoAI: [UPatio] Stream unavailable, retrying in 5s...
2026-04-19 03:37:43,008 [WARNING] TapoAI: [LPatio] Stream unavailable, retrying in 5s...
2026-04-19 03:37:43,053 [WARNING] TapoAI: [Inside] Stream unavailable, retrying in 5s...
2026-04-19 03:37:48,075 [WARNING] TapoAI: [UPatio] Stream unavailable, retrying in 5s...
2026-04-19 03:37:48,112 [WARNING] TapoAI: [LPatio] Stream unavailable, retrying in 5s...
2026-04-19 03:37:48,246 [WARNING] TapoAI: [Inside] Stream unavailable, retrying in 5s...
2026-04-19 03:37:53,194 [WARNING] TapoAI: [UPatio] Stream unavailable, retrying in 5s...
2026-04-19 03:37:53,326 [WARNING] TapoAI: [LPatio] Stream unavailable, retrying in 5s...
2026-04-19 03:37:53,364 [WARNING] TapoAI: [Inside] Stream unavailable, retrying in 5s...
2026-04-19 03:37:58,395 [WARNING] TapoAI: [UPatio] Stream unavailable, retrying in 5s...
2026-04-19 03:37:58,453 [WARNING] TapoAI: [LPatio] Stream unavailable, retrying in 5s...
2026-04-19 03:37:58,582 [WARNING] TapoAI: [Inside] Stream unavailable, retrying in 5s...
2026-04-19 03:38:03,472 [WARNING] TapoAI: [UPatio] Stream unavailable, retrying in 5s...
2026-04-19 03:38:03,625 [WARNING] TapoAI: [LPatio] Stream unavailable, retrying in 5s...
2026-04-19 03:38:03,759 [WARNING] TapoAI: [Inside] Stream unavailable, retrying in 5s...
2026-04-19 03:38:08,588 [WARNING] TapoAI: [UPatio] Stream unavailable, retrying in 5s...
2026-04-19 03:38:08,821 [WARNING] TapoAI: [LPatio] Stream unavailable, retrying in 5s...
2026-04-19 03:38:08,955 [WARNING] TapoAI: [Inside] Stream unavailable, retrying in 5s...
2026-04-19 03:38:13,649 [WARNING] TapoAI: [UPatio] Stream unavailable, retrying in 5s...
2026-04-19 03:38:14,008 [WARNING] TapoAI: [LPatio] Stream unavailable, retrying in 5s...
2026-04-19 03:38:14,142 [WARNING] TapoAI: [Inside] Stream unavailable, retrying in 5s...
2026-04-19 03:38:20,768 [INFO] TapoAI: [UPatio] Stream connected.
2026-04-19 03:38:22,813 [INFO] TapoAI: [LPatio] Stream connected.
2026-04-19 03:38:24,877 [INFO] TapoAI: [Inside] Stream connected.
2026-04-19 03:46:00,378 [INFO] TapoAI: [Inside] Saved video ./recordings/Inside_0419-034552.mp4 and updated unified JSON event log
2026-04-19 03:52:21,264 [WARNING] TapoAI: [LPatio] Stream lost, reconnecting in 3s...
2026-04-19 03:52:21,264 [WARNING] TapoAI: [Inside] Stream lost, reconnecting in 3s...
2026-04-19 03:52:21,264 [WARNING] TapoAI: [UPatio] Stream lost, reconnecting in 3s...
2026-04-19 03:52:24,429 [WARNING] TapoAI: [LPatio] Stream unavailable, retrying in 5s...
2026-04-19 03:52:24,474 [WARNING] TapoAI: [UPatio] Stream unavailable, retrying in 5s...
2026-04-19 03:52:24,511 [WARNING] TapoAI: [Inside] Stream unavailable, retrying in 5s...
2026-04-19 03:52:29,618 [WARNING] TapoAI: [LPatio] Stream unavailable, retrying in 5s...
2026-04-19 03:52:29,654 [WARNING] TapoAI: [Inside] Stream unavailable, retrying in 5s...
2026-04-19 03:52:29,690 [WARNING] TapoAI: [UPatio] Stream unavailable, retrying in 5s...
2026-04-19 03:52:34,788 [WARNING] TapoAI: [UPatio] Stream unavailable, retrying in 5s...
2026-04-19 03:52:34,825 [WARNING] TapoAI: [LPatio] Stream unavailable, retrying in 5s...
2026-04-19 03:52:34,864 [WARNING] TapoAI: [Inside] Stream unavailable, retrying in 5s...
2026-04-19 03:52:40,012 [WARNING] TapoAI: [UPatio] Stream unavailable, retrying in 5s...
2026-04-19 03:52:40,049 [WARNING] TapoAI: [LPatio] Stream unavailable, retrying in 5s...
2026-04-19 03:52:40,085 [WARNING] TapoAI: [Inside] Stream unavailable, retrying in 5s...
2026-04-19 03:52:45,063 [WARNING] TapoAI: [UPatio] Stream unavailable, retrying in 5s...
2026-04-19 03:52:45,299 [WARNING] TapoAI: [LPatio] Stream unavailable, retrying in 5s...
2026-04-19 03:52:45,337 [WARNING] TapoAI: [Inside] Stream unavailable, retrying in 5s...
2026-04-19 03:52:50,305 [WARNING] TapoAI: [UPatio] Stream unavailable, retrying in 5s...
2026-04-19 03:52:50,538 [WARNING] TapoAI: [LPatio] Stream unavailable, retrying in 5s...
2026-04-19 03:52:50,575 [WARNING] TapoAI: [Inside] Stream unavailable, retrying in 5s...
2026-04-19 03:52:55,492 [WARNING] TapoAI: [UPatio] Stream unavailable, retrying in 5s...
2026-04-19 03:52:55,726 [WARNING] TapoAI: [Inside] Stream unavailable, retrying in 5s...
2026-04-19 03:52:55,761 [WARNING] TapoAI: [LPatio] Stream unavailable, retrying in 5s...
2026-04-19 03:53:00,626 [WARNING] TapoAI: [UPatio] Stream unavailable, retrying in 5s...
2026-04-19 03:53:00,873 [WARNING] TapoAI: [Inside] Stream unavailable, retrying in 5s...
2026-04-19 03:53:01,006 [WARNING] TapoAI: [LPatio] Stream unavailable, retrying in 5s...
2026-04-19 03:53:05,837 [WARNING] TapoAI: [UPatio] Stream unavailable, retrying in 5s...
2026-04-19 03:53:06,071 [WARNING] TapoAI: [Inside] Stream unavailable, retrying in 5s...
2026-04-19 03:53:06,202 [WARNING] TapoAI: [LPatio] Stream unavailable, retrying in 5s...
2026-04-19 03:53:11,016 [WARNING] TapoAI: [UPatio] Stream unavailable, retrying in 5s...
2026-04-19 03:53:11,260 [WARNING] TapoAI: [Inside] Stream unavailable, retrying in 5s...
2026-04-19 03:53:11,392 [WARNING] TapoAI: [LPatio] Stream unavailable, retrying in 5s...
2026-04-19 03:53:16,159 [WARNING] TapoAI: [UPatio] Stream unavailable, retrying in 5s...
2026-04-19 03:53:16,493 [WARNING] TapoAI: [Inside] Stream unavailable, retrying in 5s...
2026-04-19 03:53:16,627 [WARNING] TapoAI: [LPatio] Stream unavailable, retrying in 5s...
2026-04-19 03:53:21,341 [WARNING] TapoAI: [UPatio] Stream unavailable, retrying in 5s...
2026-04-19 03:53:21,679 [WARNING] TapoAI: [Inside] Stream unavailable, retrying in 5s...
2026-04-19 03:53:21,813 [WARNING] TapoAI: [LPatio] Stream unavailable, retrying in 5s...
2026-04-19 03:53:26,574 [WARNING] TapoAI: [UPatio] Stream unavailable, retrying in 5s...
2026-04-19 03:53:26,733 [WARNING] TapoAI: [Inside] Stream unavailable, retrying in 5s...
2026-04-19 03:53:26,972 [WARNING] TapoAI: [LPatio] Stream unavailable, retrying in 5s...
2026-04-19 03:53:31,815 [WARNING] TapoAI: [UPatio] Stream unavailable, retrying in 5s...
2026-04-19 03:53:31,996 [WARNING] TapoAI: [Inside] Stream unavailable, retrying in 5s...
2026-04-19 03:53:32,214 [WARNING] TapoAI: [LPatio] Stream unavailable, retrying in 5s...
2026-04-19 03:53:37,030 [WARNING] TapoAI: [UPatio] Stream unavailable, retrying in 5s...
2026-04-19 03:53:37,209 [WARNING] TapoAI: [Inside] Stream unavailable, retrying in 5s...
2026-04-19 03:53:37,420 [WARNING] TapoAI: [LPatio] Stream unavailable, retrying in 5s...
2026-04-19 03:53:42,178 [WARNING] TapoAI: [UPatio] Stream unavailable, retrying in 5s...
2026-04-19 03:53:42,407 [WARNING] TapoAI: [Inside] Stream unavailable, retrying in 5s...
2026-04-19 03:53:42,567 [WARNING] TapoAI: [LPatio] Stream unavailable, retrying in 5s...
2026-04-19 03:53:47,390 [WARNING] TapoAI: [UPatio] Stream unavailable, retrying in 5s...
2026-04-19 03:53:47,622 [WARNING] TapoAI: [Inside] Stream unavailable, retrying in 5s...
2026-04-19 03:53:47,680 [WARNING] TapoAI: [LPatio] Stream unavailable, retrying in 5s...
2026-04-19 03:53:52,617 [WARNING] TapoAI: [UPatio] Stream unavailable, retrying in 5s...
2026-04-19 03:53:52,752 [WARNING] TapoAI: [Inside] Stream unavailable, retrying in 5s...
2026-04-19 03:53:52,884 [WARNING] TapoAI: [LPatio] Stream unavailable, retrying in 5s...
2026-04-19 03:53:57,722 [WARNING] TapoAI: [UPatio] Stream unavailable, retrying in 5s...
2026-04-19 03:53:57,870 [WARNING] TapoAI: [Inside] Stream unavailable, retrying in 5s...
2026-04-19 03:53:58,106 [WARNING] TapoAI: [LPatio] Stream unavailable, retrying in 5s...
2026-04-19 03:54:02,902 [WARNING] TapoAI: [UPatio] Stream unavailable, retrying in 5s...
2026-04-19 03:54:03,049 [WARNING] TapoAI: [Inside] Stream unavailable, retrying in 5s...
2026-04-19 03:54:03,293 [WARNING] TapoAI: [LPatio] Stream unavailable, retrying in 5s...
2026-04-19 03:54:07,970 [WARNING] TapoAI: [UPatio] Stream unavailable, retrying in 5s...
2026-04-19 03:54:08,308 [WARNING] TapoAI: [Inside] Stream unavailable, retrying in 5s...
2026-04-19 03:54:08,540 [WARNING] TapoAI: [LPatio] Stream unavailable, retrying in 5s...
2026-04-19 03:54:13,114 [WARNING] TapoAI: [UPatio] Stream unavailable, retrying in 5s...
2026-04-19 03:54:13,450 [WARNING] TapoAI: [Inside] Stream unavailable, retrying in 5s...
2026-04-19 03:54:13,787 [WARNING] TapoAI: [LPatio] Stream unavailable, retrying in 5s...
2026-04-19 03:54:18,356 [WARNING] TapoAI: [UPatio] Stream unavailable, retrying in 5s...
2026-04-19 03:54:18,608 [WARNING] TapoAI: [Inside] Stream unavailable, retrying in 5s...
2026-04-19 03:54:18,972 [WARNING] TapoAI: [LPatio] Stream unavailable, retrying in 5s...
2026-04-19 03:54:23,538 [WARNING] TapoAI: [UPatio] Stream unavailable, retrying in 5s...
2026-04-19 03:54:23,791 [WARNING] TapoAI: [Inside] Stream unavailable, retrying in 5s...
2026-04-19 03:54:24,126 [WARNING] TapoAI: [LPatio] Stream unavailable, retrying in 5s...
2026-04-19 03:54:28,715 [WARNING] TapoAI: [UPatio] Stream unavailable, retrying in 5s...
2026-04-19 03:54:28,951 [WARNING] TapoAI: [Inside] Stream unavailable, retrying in 5s...
2026-04-19 03:54:29,287 [WARNING] TapoAI: [LPatio] Stream unavailable, retrying in 5s...
2026-04-19 03:54:33,932 [WARNING] TapoAI: [UPatio] Stream unavailable, retrying in 5s...
2026-04-19 03:54:34,066 [WARNING] TapoAI: [Inside] Stream unavailable, retrying in 5s...
2026-04-19 03:54:34,474 [WARNING] TapoAI: [LPatio] Stream unavailable, retrying in 5s...
2026-04-19 03:54:39,091 [WARNING] TapoAI: [UPatio] Stream unavailable, retrying in 5s...
2026-04-19 03:54:39,250 [WARNING] TapoAI: [Inside] Stream unavailable, retrying in 5s...
2026-04-19 03:54:39,701 [WARNING] TapoAI: [LPatio] Stream unavailable, retrying in 5s...
2026-04-19 03:54:44,278 [WARNING] TapoAI: [UPatio] Stream unavailable, retrying in 5s...
2026-04-19 03:54:44,420 [WARNING] TapoAI: [Inside] Stream unavailable, retrying in 5s...
2026-04-19 03:54:44,866 [WARNING] TapoAI: [LPatio] Stream unavailable, retrying in 5s...
2026-04-19 03:54:49,518 [WARNING] TapoAI: [UPatio] Stream unavailable, retrying in 5s...
2026-04-19 03:54:49,650 [WARNING] TapoAI: [Inside] Stream unavailable, retrying in 5s...
2026-04-19 03:54:50,053 [WARNING] TapoAI: [LPatio] Stream unavailable, retrying in 5s...
2026-04-19 03:54:54,747 [WARNING] TapoAI: [UPatio] Stream unavailable, retrying in 5s...
2026-04-19 03:54:54,809 [WARNING] TapoAI: [Inside] Stream unavailable, retrying in 5s...
2026-04-19 03:54:55,193 [WARNING] TapoAI: [LPatio] Stream unavailable, retrying in 5s...
2026-04-19 03:54:59,920 [WARNING] TapoAI: [UPatio] Stream unavailable, retrying in 5s...
2026-04-19 03:54:59,957 [WARNING] TapoAI: [Inside] Stream unavailable, retrying in 5s...
2026-04-19 03:55:00,395 [WARNING] TapoAI: [LPatio] Stream unavailable, retrying in 5s...
2026-04-19 03:55:05,006 [WARNING] TapoAI: [UPatio] Stream unavailable, retrying in 5s...
2026-04-19 03:55:05,050 [WARNING] TapoAI: [Inside] Stream unavailable, retrying in 5s...
2026-04-19 03:55:05,612 [WARNING] TapoAI: [LPatio] Stream unavailable, retrying in 5s...
2026-04-19 03:55:10,141 [WARNING] TapoAI: [UPatio] Stream unavailable, retrying in 5s...
2026-04-19 03:55:10,274 [WARNING] TapoAI: [Inside] Stream unavailable, retrying in 5s...
2026-04-19 03:55:10,836 [WARNING] TapoAI: [LPatio] Stream unavailable, retrying in 5s...
2026-04-19 03:55:15,262 [WARNING] TapoAI: [UPatio] Stream unavailable, retrying in 5s...
2026-04-19 03:55:15,423 [WARNING] TapoAI: [Inside] Stream unavailable, retrying in 5s...
2026-04-19 03:55:16,063 [WARNING] TapoAI: [LPatio] Stream unavailable, retrying in 5s...
2026-04-19 03:55:20,449 [WARNING] TapoAI: [UPatio] Stream unavailable, retrying in 5s...
2026-04-19 03:55:20,583 [WARNING] TapoAI: [Inside] Stream unavailable, retrying in 5s...
2026-04-19 03:55:21,250 [WARNING] TapoAI: [LPatio] Stream unavailable, retrying in 5s...
2026-04-19 03:55:25,611 [WARNING] TapoAI: [UPatio] Stream unavailable, retrying in 5s...
2026-04-19 03:55:25,814 [WARNING] TapoAI: [Inside] Stream unavailable, retrying in 5s...
2026-04-19 03:55:26,454 [WARNING] TapoAI: [LPatio] Stream unavailable, retrying in 5s...
2026-04-19 03:55:30,750 [WARNING] TapoAI: [UPatio] Stream unavailable, retrying in 5s...
2026-04-19 03:55:31,035 [WARNING] TapoAI: [Inside] Stream unavailable, retrying in 5s...
2026-04-19 03:55:31,601 [WARNING] TapoAI: [LPatio] Stream unavailable, retrying in 5s...
2026-04-19 03:55:35,959 [WARNING] TapoAI: [UPatio] Stream unavailable, retrying in 5s...
2026-04-19 03:55:36,197 [WARNING] TapoAI: [Inside] Stream unavailable, retrying in 5s...
2026-04-19 03:55:36,836 [WARNING] TapoAI: [LPatio] Stream unavailable, retrying in 5s...
2026-04-19 03:55:41,081 [WARNING] TapoAI: [UPatio] Stream unavailable, retrying in 5s...
2026-04-19 03:55:41,241 [WARNING] TapoAI: [Inside] Stream unavailable, retrying in 5s...
2026-04-19 03:55:41,999 [WARNING] TapoAI: [LPatio] Stream unavailable, retrying in 5s...
2026-04-19 03:55:46,216 [WARNING] TapoAI: [UPatio] Stream unavailable, retrying in 5s...
2026-04-19 03:55:46,446 [WARNING] TapoAI: [Inside] Stream unavailable, retrying in 5s...
2026-04-19 03:55:47,184 [WARNING] TapoAI: [LPatio] Stream unavailable, retrying in 5s...
2026-04-19 03:55:51,345 [WARNING] TapoAI: [UPatio] Stream unavailable, retrying in 5s...
2026-04-19 03:55:51,685 [WARNING] TapoAI: [Inside] Stream unavailable, retrying in 5s...
2026-04-19 03:55:52,327 [WARNING] TapoAI: [LPatio] Stream unavailable, retrying in 5s...
2026-04-19 03:55:56,559 [WARNING] TapoAI: [UPatio] Stream unavailable, retrying in 5s...
2026-04-19 03:55:56,893 [WARNING] TapoAI: [Inside] Stream unavailable, retrying in 5s...
2026-04-19 03:55:57,434 [WARNING] TapoAI: [LPatio] Stream unavailable, retrying in 5s...
2026-04-19 03:56:01,679 [WARNING] TapoAI: [UPatio] Stream unavailable, retrying in 5s...
2026-04-19 03:56:02,018 [WARNING] TapoAI: [Inside] Stream unavailable, retrying in 5s...
2026-04-19 03:56:02,649 [WARNING] TapoAI: [LPatio] Stream unavailable, retrying in 5s...
2026-04-19 03:56:06,830 [WARNING] TapoAI: [UPatio] Stream unavailable, retrying in 5s...
2026-04-19 03:56:07,165 [WARNING] TapoAI: [Inside] Stream unavailable, retrying in 5s...
2026-04-19 03:56:07,807 [WARNING] TapoAI: [LPatio] Stream unavailable, retrying in 5s...
2026-04-19 03:56:11,925 [WARNING] TapoAI: [UPatio] Stream unavailable, retrying in 5s...
2026-04-19 03:56:12,363 [WARNING] TapoAI: [Inside] Stream unavailable, retrying in 5s...
2026-04-19 03:56:12,923 [WARNING] TapoAI: [LPatio] Stream unavailable, retrying in 5s...
2026-04-19 03:56:17,149 [WARNING] TapoAI: [UPatio] Stream unavailable, retrying in 5s...
2026-04-19 03:56:17,484 [WARNING] TapoAI: [Inside] Stream unavailable, retrying in 5s...
2026-04-19 03:56:18,032 [WARNING] TapoAI: [LPatio] Stream unavailable, retrying in 5s...
2026-04-19 03:56:22,194 [WARNING] TapoAI: [UPatio] Stream unavailable, retrying in 5s...
2026-04-19 03:56:22,736 [WARNING] TapoAI: [Inside] Stream unavailable, retrying in 5s...
2026-04-19 03:56:23,183 [WARNING] TapoAI: [LPatio] Stream unavailable, retrying in 5s...
2026-04-19 03:56:27,491 [WARNING] TapoAI: [UPatio] Stream unavailable, retrying in 5s...
2026-04-19 03:56:27,931 [WARNING] TapoAI: [Inside] Stream unavailable, retrying in 5s...
2026-04-19 03:56:28,368 [WARNING] TapoAI: [LPatio] Stream unavailable, retrying in 5s...
2026-04-19 03:56:32,732 [WARNING] TapoAI: [UPatio] Stream unavailable, retrying in 5s...
2026-04-19 03:56:33,170 [WARNING] TapoAI: [Inside] Stream unavailable, retrying in 5s...
2026-04-19 03:56:33,609 [WARNING] TapoAI: [LPatio] Stream unavailable, retrying in 5s...
2026-04-19 03:56:37,880 [WARNING] TapoAI: [UPatio] Stream unavailable, retrying in 5s...
2026-04-19 03:56:38,414 [WARNING] TapoAI: [Inside] Stream unavailable, retrying in 5s...
2026-04-19 03:56:38,769 [WARNING] TapoAI: [LPatio] Stream unavailable, retrying in 5s...
2026-04-19 03:56:43,078 [WARNING] TapoAI: [UPatio] Stream unavailable, retrying in 5s...
2026-04-19 03:56:43,603 [WARNING] TapoAI: [Inside] Stream unavailable, retrying in 5s...
2026-04-19 03:56:43,949 [WARNING] TapoAI: [LPatio] Stream unavailable, retrying in 5s...
2026-04-19 03:56:48,204 [WARNING] TapoAI: [UPatio] Stream unavailable, retrying in 5s...
2026-04-19 03:56:48,743 [WARNING] TapoAI: [Inside] Stream unavailable, retrying in 5s...
2026-04-19 03:56:49,182 [WARNING] TapoAI: [LPatio] Stream unavailable, retrying in 5s...
2026-04-19 03:56:53,252 [WARNING] TapoAI: [UPatio] Stream unavailable, retrying in 5s...
2026-04-19 03:56:53,819 [WARNING] TapoAI: [Inside] Stream unavailable, retrying in 5s...
2026-04-19 03:56:54,354 [WARNING] TapoAI: [LPatio] Stream unavailable, retrying in 5s...
2026-04-19 03:56:58,383 [WARNING] TapoAI: [UPatio] Stream unavailable, retrying in 5s...
2026-04-19 03:56:59,012 [WARNING] TapoAI: [Inside] Stream unavailable, retrying in 5s...
2026-04-19 03:56:59,550 [WARNING] TapoAI: [LPatio] Stream unavailable, retrying in 5s...
2026-04-19 03:57:03,583 [WARNING] TapoAI: [UPatio] Stream unavailable, retrying in 5s...
2026-04-19 03:57:04,225 [WARNING] TapoAI: [Inside] Stream unavailable, retrying in 5s...
2026-04-19 03:57:04,660 [WARNING] TapoAI: [LPatio] Stream unavailable, retrying in 5s...
2026-04-19 03:57:08,803 [WARNING] TapoAI: [UPatio] Stream unavailable, retrying in 5s...
2026-04-19 03:57:09,346 [WARNING] TapoAI: [Inside] Stream unavailable, retrying in 5s...
2026-04-19 03:57:09,884 [WARNING] TapoAI: [LPatio] Stream unavailable, retrying in 5s...
2026-04-19 03:57:13,849 [WARNING] TapoAI: [UPatio] Stream unavailable, retrying in 5s...
2026-04-19 03:57:14,526 [WARNING] TapoAI: [Inside] Stream unavailable, retrying in 5s...
2026-04-19 03:57:15,041 [WARNING] TapoAI: [LPatio] Stream unavailable, retrying in 5s...
2026-04-19 03:57:18,958 [WARNING] TapoAI: [UPatio] Stream unavailable, retrying in 5s...
2026-04-19 03:57:19,702 [WARNING] TapoAI: [Inside] Stream unavailable, retrying in 5s...
2026-04-19 03:57:20,238 [WARNING] TapoAI: [LPatio] Stream unavailable, retrying in 5s...
2026-04-19 03:57:24,184 [WARNING] TapoAI: [UPatio] Stream unavailable, retrying in 5s...
2026-04-19 03:57:24,853 [WARNING] TapoAI: [Inside] Stream unavailable, retrying in 5s...
2026-04-19 03:57:25,415 [WARNING] TapoAI: [LPatio] Stream unavailable, retrying in 5s...
2026-04-19 03:57:29,345 [WARNING] TapoAI: [UPatio] Stream unavailable, retrying in 5s...
2026-04-19 03:57:30,000 [WARNING] TapoAI: [Inside] Stream unavailable, retrying in 5s...
2026-04-19 03:57:30,616 [WARNING] TapoAI: [LPatio] Stream unavailable, retrying in 5s...
2026-04-19 03:57:34,533 [WARNING] TapoAI: [UPatio] Stream unavailable, retrying in 5s...
2026-04-19 03:57:35,177 [WARNING] TapoAI: [Inside] Stream unavailable, retrying in 5s...
2026-04-19 03:57:35,815 [WARNING] TapoAI: [LPatio] Stream unavailable, retrying in 5s...
2026-04-19 03:57:39,570 [WARNING] TapoAI: [UPatio] Stream unavailable, retrying in 5s...
2026-04-19 03:57:40,409 [WARNING] TapoAI: [Inside] Stream unavailable, retrying in 5s...
2026-04-19 03:57:40,950 [WARNING] TapoAI: [LPatio] Stream unavailable, retrying in 5s...
2026-04-19 03:57:44,701 [WARNING] TapoAI: [UPatio] Stream unavailable, retrying in 5s...
2026-04-19 03:57:45,563 [WARNING] TapoAI: [Inside] Stream unavailable, retrying in 5s...
2026-04-19 03:57:46,202 [WARNING] TapoAI: [LPatio] Stream unavailable, retrying in 5s...
2026-04-19 03:57:49,906 [WARNING] TapoAI: [UPatio] Stream unavailable, retrying in 5s...
2026-04-19 03:57:50,750 [WARNING] TapoAI: [Inside] Stream unavailable, retrying in 5s...
2026-04-19 03:57:51,299 [WARNING] TapoAI: [LPatio] Stream unavailable, retrying in 5s...
2026-04-19 03:57:55,024 [WARNING] TapoAI: [UPatio] Stream unavailable, retrying in 5s...
2026-04-19 03:57:55,967 [WARNING] TapoAI: [Inside] Stream unavailable, retrying in 5s...
2026-04-19 03:57:56,507 [WARNING] TapoAI: [LPatio] Stream unavailable, retrying in 5s...
2026-04-19 03:58:00,215 [WARNING] TapoAI: [UPatio] Stream unavailable, retrying in 5s...
2026-04-19 03:58:01,160 [WARNING] TapoAI: [Inside] Stream unavailable, retrying in 5s...
2026-04-19 03:58:01,697 [WARNING] TapoAI: [LPatio] Stream unavailable, retrying in 5s...
2026-04-19 03:58:05,400 [WARNING] TapoAI: [UPatio] Stream unavailable, retrying in 5s...
2026-04-19 03:58:06,345 [WARNING] TapoAI: [Inside] Stream unavailable, retrying in 5s...
2026-04-19 03:58:06,883 [WARNING] TapoAI: [LPatio] Stream unavailable, retrying in 5s...
2026-04-19 03:58:10,525 [WARNING] TapoAI: [UPatio] Stream unavailable, retrying in 5s...
2026-04-19 03:58:11,571 [WARNING] TapoAI: [Inside] Stream unavailable, retrying in 5s...
2026-04-19 03:58:12,109 [WARNING] TapoAI: [LPatio] Stream unavailable, retrying in 5s...
2026-04-19 03:58:15,574 [WARNING] TapoAI: [UPatio] Stream unavailable, retrying in 5s...
2026-04-19 03:58:16,750 [WARNING] TapoAI: [Inside] Stream unavailable, retrying in 5s...
2026-04-19 03:58:17,292 [WARNING] TapoAI: [LPatio] Stream unavailable, retrying in 5s...
2026-04-19 03:58:20,763 [WARNING] TapoAI: [UPatio] Stream unavailable, retrying in 5s...
2026-04-19 03:58:21,903 [WARNING] TapoAI: [Inside] Stream unavailable, retrying in 5s...
2026-04-19 03:58:22,454 [WARNING] TapoAI: [LPatio] Stream unavailable, retrying in 5s...
2026-04-19 03:58:25,937 [WARNING] TapoAI: [UPatio] Stream unavailable, retrying in 5s...
2026-04-19 03:58:27,128 [WARNING] TapoAI: [Inside] Stream unavailable, retrying in 5s...
2026-04-19 03:58:27,666 [WARNING] TapoAI: [LPatio] Stream unavailable, retrying in 5s...
2026-04-19 03:58:31,100 [WARNING] TapoAI: [UPatio] Stream unavailable, retrying in 5s...
2026-04-19 03:58:32,312 [WARNING] TapoAI: [Inside] Stream unavailable, retrying in 5s...
2026-04-19 03:58:32,727 [WARNING] TapoAI: [LPatio] Stream unavailable, retrying in 5s...
2026-04-19 03:58:36,321 [WARNING] TapoAI: [UPatio] Stream unavailable, retrying in 5s...
2026-04-19 03:58:37,501 [WARNING] TapoAI: [Inside] Stream unavailable, retrying in 5s...
2026-04-19 03:58:37,938 [WARNING] TapoAI: [LPatio] Stream unavailable, retrying in 5s...
2026-04-19 03:58:41,498 [WARNING] TapoAI: [UPatio] Stream unavailable, retrying in 5s...
2026-04-19 03:58:42,670 [WARNING] TapoAI: [Inside] Stream unavailable, retrying in 5s...
2026-04-19 03:58:43,127 [WARNING] TapoAI: [LPatio] Stream unavailable, retrying in 5s...
2026-04-19 03:58:46,685 [WARNING] TapoAI: [UPatio] Stream unavailable, retrying in 5s...
2026-04-19 03:58:47,935 [WARNING] TapoAI: [Inside] Stream unavailable, retrying in 5s...
2026-04-19 03:58:48,370 [WARNING] TapoAI: [LPatio] Stream unavailable, retrying in 5s...
2026-04-19 03:58:53,848 [INFO] TapoAI: [UPatio] Stream connected.
2026-04-19 03:58:55,879 [INFO] TapoAI: [Inside] Stream connected.
2026-04-19 03:58:57,889 [INFO] TapoAI: [LPatio] Stream connected.
2026-04-19 03:59:07,385 [INFO] TapoAI: [Inside] Saved video ./recordings/Inside_0419-035858.mp4 and updated unified JSON event log
2026-04-19 03:59:27,064 [INFO] TapoAI: [Inside] Saved video ./recordings/Inside_0419-035918.mp4 and updated unified JSON event log
2026-04-19 04:00:01,465 [INFO] TapoAI: [Inside] Saved video ./recordings/Inside_0419-035948.mp4 and updated unified JSON event log
2026-04-19 04:00:18,061 [INFO] TapoAI: [Inside] Saved video ./recordings/Inside_0419-040009.mp4 and updated unified JSON event log
2026-04-19 04:00:31,534 [INFO] TapoAI: [Inside] Saved video ./recordings/Inside_0419-040022.mp4 and updated unified JSON event log
2026-04-19 04:01:00,727 [INFO] TapoAI: [Inside] Saved video ./recordings/Inside_0419-040052.mp4 and updated unified JSON event log
2026-04-19 04:01:09,968 [INFO] TapoAI: [Inside] Saved video ./recordings/Inside_0419-040101.mp4 and updated unified JSON event log
2026-04-19 04:01:29,497 [INFO] TapoAI: [Inside] Saved video ./recordings/Inside_0419-040120.mp4 and updated unified JSON event log
2026-04-19 04:02:09,708 [INFO] TapoAI: [Inside] Saved video ./recordings/Inside_0419-040146.mp4 and updated unified JSON event log
2026-04-19 04:02:31,039 [INFO] TapoAI: [Inside] Saved video ./recordings/Inside_0419-040215.mp4 and updated unified JSON event log
2026-04-19 04:02:57,059 [INFO] TapoAI: [Inside] Saved video ./recordings/Inside_0419-040241.mp4 and updated unified JSON event log
2026-04-19 04:03:22,425 [INFO] TapoAI: [Inside] Saved video ./recordings/Inside_0419-040305.mp4 and updated unified JSON event log
2026-04-19 04:03:51,990 [INFO] TapoAI: [Inside] Saved video ./recordings/Inside_0419-040323.mp4 and updated unified JSON event log
2026-04-19 04:04:30,530 [INFO] TapoAI: [Inside] Saved video ./recordings/Inside_0419-040356.mp4 and updated unified JSON event log
2026-04-19 04:05:13,382 [INFO] TapoAI: [Inside] Saved video ./recordings/Inside_0419-040434.mp4 and updated unified JSON event log
2026-04-19 04:05:25,347 [INFO] TapoAI: [Inside] Saved video ./recordings/Inside_0419-040517.mp4 and updated unified JSON event log
2026-04-19 04:06:01,340 [INFO] TapoAI: [Inside] Saved video ./recordings/Inside_0419-040535.mp4 and updated unified JSON event log
2026-04-19 04:07:01,435 [INFO] TapoAI: [Inside] Saved video ./recordings/Inside_0419-040602.mp4 and updated unified JSON event log
2026-04-19 04:07:28,236 [INFO] TapoAI: [Inside] Saved video ./recordings/Inside_0419-040713.mp4 and updated unified JSON event log
2026-04-19 04:08:04,743 [INFO] TapoAI: [Inside] Saved video ./recordings/Inside_0419-040753.mp4 and updated unified JSON event log
2026-04-19 04:08:20,333 [INFO] TapoAI: [Inside] Saved video ./recordings/Inside_0419-040811.mp4 and updated unified JSON event log
2026-04-19 04:09:01,591 [INFO] TapoAI: [Inside] Saved video ./recordings/Inside_0419-040853.mp4 and updated unified JSON event log
2026-04-19 04:09:21,479 [INFO] TapoAI: [Inside] Saved video ./recordings/Inside_0419-040906.mp4 and updated unified JSON event log
2026-04-19 04:09:58,603 [INFO] TapoAI: [Inside] Saved video ./recordings/Inside_0419-040943.mp4 and updated unified JSON event log
2026-04-19 04:10:46,325 [INFO] TapoAI: [Inside] Saved video ./recordings/Inside_0419-041033.mp4 and updated unified JSON event log
2026-04-19 04:11:42,507 [INFO] TapoAI: [Inside] Saved video ./recordings/Inside_0419-041130.mp4 and updated unified JSON event log
2026-04-19 04:12:04,365 [INFO] TapoAI: [Inside] Saved video ./recordings/Inside_0419-041155.mp4 and updated unified JSON event log
2026-04-19 04:12:25,990 [INFO] TapoAI: [Inside] Saved video ./recordings/Inside_0419-041216.mp4 and updated unified JSON event log
2026-04-19 04:12:55,084 [INFO] TapoAI: [Inside] Saved video ./recordings/Inside_0419-041244.mp4 and updated unified JSON event log
2026-04-19 04:13:10,352 [INFO] TapoAI: [Inside] Saved video ./recordings/Inside_0419-041302.mp4 and updated unified JSON event log
2026-04-19 04:13:51,090 [INFO] TapoAI: [Inside] Saved video ./recordings/Inside_0419-041341.mp4 and updated unified JSON event log
2026-04-19 04:14:11,293 [INFO] TapoAI: [Inside] Saved video ./recordings/Inside_0419-041359.mp4 and updated unified JSON event log
2026-04-19 04:14:46,660 [INFO] TapoAI: [Inside] Saved video ./recordings/Inside_0419-041438.mp4 and updated unified JSON event log
2026-04-19 04:15:49,672 [INFO] TapoAI: [Inside] Saved video ./recordings/Inside_0419-041528.mp4 and updated unified JSON event log
2026-04-19 04:16:41,480 [INFO] TapoAI: [Inside] Saved video ./recordings/Inside_0419-041631.mp4 and updated unified JSON event log
2026-04-19 04:17:11,586 [INFO] TapoAI: [Inside] Saved video ./recordings/Inside_0419-041703.mp4 and updated unified JSON event log
2026-04-19 04:17:27,834 [INFO] TapoAI: [Inside] Saved video ./recordings/Inside_0419-041719.mp4 and updated unified JSON event log
2026-04-19 04:17:44,711 [INFO] TapoAI: [Inside] Saved video ./recordings/Inside_0419-041733.mp4 and updated unified JSON event log
2026-04-19 04:18:00,776 [INFO] TapoAI: [Inside] Saved video ./recordings/Inside_0419-041750.mp4 and updated unified JSON event log
2026-04-19 04:18:26,355 [INFO] TapoAI: [Inside] Saved video ./recordings/Inside_0419-041818.mp4 and updated unified JSON event log
2026-04-19 04:19:31,541 [INFO] TapoAI: [Inside] Saved video ./recordings/Inside_0419-041922.mp4 and updated unified JSON event log
2026-04-19 04:20:01,530 [INFO] TapoAI: [Inside] Saved video ./recordings/Inside_0419-041953.mp4 and updated unified JSON event log
2026-04-19 04:20:16,205 [INFO] TapoAI: [Inside] Saved video ./recordings/Inside_0419-042008.mp4 and updated unified JSON event log
2026-04-19 04:20:31,592 [INFO] TapoAI: [Inside] Saved video ./recordings/Inside_0419-042023.mp4 and updated unified JSON event log
2026-04-19 04:20:54,941 [INFO] TapoAI: [Inside] Saved video ./recordings/Inside_0419-042041.mp4 and updated unified JSON event log
2026-04-19 04:21:13,873 [INFO] TapoAI: [Inside] Saved video ./recordings/Inside_0419-042105.mp4 and updated unified JSON event log
2026-04-19 04:21:41,241 [INFO] TapoAI: [Inside] Saved video ./recordings/Inside_0419-042127.mp4 and updated unified JSON event log
2026-04-19 04:22:14,849 [INFO] TapoAI: [Inside] Saved video ./recordings/Inside_0419-042203.mp4 and updated unified JSON event log
2026-04-19 04:22:41,029 [INFO] TapoAI: [Inside] Saved video ./recordings/Inside_0419-042232.mp4 and updated unified JSON event log
2026-04-19 04:23:09,941 [INFO] TapoAI: [Inside] Saved video ./recordings/Inside_0419-042251.mp4 and updated unified JSON event log
2026-04-19 04:24:11,411 [INFO] TapoAI: [Inside] Saved video ./recordings/Inside_0419-042357.mp4 and updated unified JSON event log
2026-04-19 04:24:20,936 [INFO] TapoAI: [Inside] Saved video ./recordings/Inside_0419-042412.mp4 and updated unified JSON event log
2026-04-19 04:24:51,549 [INFO] TapoAI: [Inside] Saved video ./recordings/Inside_0419-042443.mp4 and updated unified JSON event log
2026-04-19 04:25:24,688 [INFO] TapoAI: [Inside] Saved video ./recordings/Inside_0419-042457.mp4 and updated unified JSON event log
2026-04-19 04:25:41,533 [INFO] TapoAI: [Inside] Saved video ./recordings/Inside_0419-042533.mp4 and updated unified JSON event log
2026-04-19 04:25:59,299 [INFO] TapoAI: [Inside] Saved video ./recordings/Inside_0419-042543.mp4 and updated unified JSON event log
2026-04-19 04:26:15,594 [INFO] TapoAI: [Inside] Saved video ./recordings/Inside_0419-042607.mp4 and updated unified JSON event log
2026-04-19 04:26:35,529 [INFO] TapoAI: [Inside] Saved video ./recordings/Inside_0419-042623.mp4 and updated unified JSON event log
2026-04-19 04:26:51,505 [INFO] TapoAI: [Inside] Saved video ./recordings/Inside_0419-042641.mp4 and updated unified JSON event log
2026-04-19 04:27:28,729 [INFO] TapoAI: [Inside] Saved video ./recordings/Inside_0419-042720.mp4 and updated unified JSON event log
2026-04-19 04:27:51,514 [INFO] TapoAI: [Inside] Saved video ./recordings/Inside_0419-042741.mp4 and updated unified JSON event log
2026-04-19 04:28:09,359 [INFO] TapoAI: [Inside] Saved video ./recordings/Inside_0419-042754.mp4 and updated unified JSON event log
2026-04-19 04:28:28,505 [INFO] TapoAI: [Inside] Saved video ./recordings/Inside_0419-042813.mp4 and updated unified JSON event log
2026-04-19 04:28:53,632 [INFO] TapoAI: [Inside] Saved video ./recordings/Inside_0419-042844.mp4 and updated unified JSON event log
2026-04-19 04:29:08,504 [INFO] TapoAI: [Inside] Saved video ./recordings/Inside_0419-042900.mp4 and updated unified JSON event log
2026-04-19 04:29:35,132 [INFO] TapoAI: [Inside] Saved video ./recordings/Inside_0419-042926.mp4 and updated unified JSON event log
2026-04-19 04:29:51,429 [INFO] TapoAI: [Inside] Saved video ./recordings/Inside_0419-042943.mp4 and updated unified JSON event log
2026-04-19 04:30:01,399 [INFO] TapoAI: [Inside] Saved video ./recordings/Inside_0419-042951.mp4 and updated unified JSON event log
2026-04-19 04:30:12,470 [INFO] TapoAI: [Inside] Saved video ./recordings/Inside_0419-043004.mp4 and updated unified JSON event log
2026-04-19 04:30:24,592 [INFO] TapoAI: [Inside] Saved video ./recordings/Inside_0419-043015.mp4 and updated unified JSON event log
2026-04-19 04:31:10,809 [INFO] TapoAI: [Inside] Saved video ./recordings/Inside_0419-043102.mp4 and updated unified JSON event log
2026-04-19 04:31:31,641 [INFO] TapoAI: [Inside] Saved video ./recordings/Inside_0419-043118.mp4 and updated unified JSON event log
2026-04-19 04:31:52,548 [INFO] TapoAI: [Inside] Saved video ./recordings/Inside_0419-043141.mp4 and updated unified JSON event log
2026-04-19 04:32:04,016 [INFO] TapoAI: [Inside] Saved video ./recordings/Inside_0419-043154.mp4 and updated unified JSON event log
2026-04-19 04:32:13,933 [INFO] TapoAI: [Inside] Saved video ./recordings/Inside_0419-043205.mp4 and updated unified JSON event log
2026-04-19 04:33:25,805 [INFO] TapoAI: [Inside] Saved video ./recordings/Inside_0419-043243.mp4 and updated unified JSON event log
2026-04-19 04:33:44,595 [INFO] TapoAI: [Inside] Saved video ./recordings/Inside_0419-043336.mp4 and updated unified JSON event log
2026-04-19 04:34:01,591 [INFO] TapoAI: [Inside] Saved video ./recordings/Inside_0419-043345.mp4 and updated unified JSON event log
2026-04-19 04:34:21,296 [INFO] TapoAI: [Inside] Saved video ./recordings/Inside_0419-043412.mp4 and updated unified JSON event log
2026-04-19 04:34:39,944 [INFO] TapoAI: [Inside] Saved video ./recordings/Inside_0419-043431.mp4 and updated unified JSON event log
2026-04-19 04:34:49,705 [INFO] TapoAI: [Inside] Saved video ./recordings/Inside_0419-043440.mp4 and updated unified JSON event log
2026-04-19 04:35:20,988 [INFO] TapoAI: [Inside] Saved video ./recordings/Inside_0419-043453.mp4 and updated unified JSON event log
2026-04-19 04:36:27,908 [INFO] TapoAI: [Inside] Saved video ./recordings/Inside_0419-043619.mp4 and updated unified JSON event log
2026-04-19 04:37:03,773 [INFO] TapoAI: [Inside] Saved video ./recordings/Inside_0419-043649.mp4 and updated unified JSON event log
2026-04-19 04:37:21,393 [INFO] TapoAI: [Inside] Saved video ./recordings/Inside_0419-043713.mp4 and updated unified JSON event log
2026-04-19 04:37:51,339 [INFO] TapoAI: [Inside] Saved video ./recordings/Inside_0419-043741.mp4 and updated unified JSON event log
2026-04-19 04:38:30,991 [INFO] TapoAI: [Inside] Saved video ./recordings/Inside_0419-043807.mp4 and updated unified JSON event log
2026-04-19 04:38:51,469 [INFO] TapoAI: [Inside] Saved video ./recordings/Inside_0419-043840.mp4 and updated unified JSON event log
2026-04-19 04:39:21,491 [INFO] TapoAI: [Inside] Saved video ./recordings/Inside_0419-043906.mp4 and updated unified JSON event log
2026-04-19 04:39:53,968 [INFO] TapoAI: [Inside] Saved video ./recordings/Inside_0419-043943.mp4 and updated unified JSON event log
2026-04-19 04:40:11,162 [INFO] TapoAI: [Inside] Saved video ./recordings/Inside_0419-044002.mp4 and updated unified JSON event log
2026-04-19 04:40:54,797 [INFO] TapoAI: [Inside] Saved video ./recordings/Inside_0419-044046.mp4 and updated unified JSON event log
2026-04-19 04:41:12,172 [INFO] TapoAI: [Inside] Saved video ./recordings/Inside_0419-044103.mp4 and updated unified JSON event log
2026-04-19 04:41:51,361 [INFO] TapoAI: [Inside] Saved video ./recordings/Inside_0419-044143.mp4 and updated unified JSON event log
2026-04-19 04:42:27,563 [INFO] TapoAI: [Inside] Saved video ./recordings/Inside_0419-044219.mp4 and updated unified JSON event log
2026-04-19 04:42:56,397 [INFO] TapoAI: [Inside] Saved video ./recordings/Inside_0419-044248.mp4 and updated unified JSON event log
2026-04-19 04:43:44,709 [INFO] TapoAI: [Inside] Saved video ./recordings/Inside_0419-044336.mp4 and updated unified JSON event log
2026-04-19 04:44:01,511 [INFO] TapoAI: [Inside] Saved video ./recordings/Inside_0419-044353.mp4 and updated unified JSON event log
2026-04-19 04:44:30,661 [INFO] TapoAI: [Inside] Saved video ./recordings/Inside_0419-044412.mp4 and updated unified JSON event log
2026-04-19 04:44:54,623 [INFO] TapoAI: [Inside] Saved video ./recordings/Inside_0419-044435.mp4 and updated unified JSON event log
2026-04-19 04:45:29,198 [INFO] TapoAI: [Inside] Saved video ./recordings/Inside_0419-044521.mp4 and updated unified JSON event log
2026-04-19 04:45:41,862 [INFO] TapoAI: [Inside] Saved video ./recordings/Inside_0419-044533.mp4 and updated unified JSON event log
2026-04-19 04:46:11,675 [INFO] TapoAI: [Inside] Saved video ./recordings/Inside_0419-044543.mp4 and updated unified JSON event log
2026-04-19 04:46:34,979 [INFO] TapoAI: [Inside] Saved video ./recordings/Inside_0419-044616.mp4 and updated unified JSON event log
2026-04-19 04:47:01,338 [INFO] TapoAI: [Inside] Saved video ./recordings/Inside_0419-044646.mp4 and updated unified JSON event log
2026-04-19 04:47:21,190 [INFO] TapoAI: [Inside] Saved video ./recordings/Inside_0419-044713.mp4 and updated unified JSON event log
2026-04-19 04:48:08,171 [INFO] TapoAI: [Inside] Saved video ./recordings/Inside_0419-044749.mp4 and updated unified JSON event log
2026-04-19 04:48:28,595 [INFO] TapoAI: [Inside] Saved video ./recordings/Inside_0419-044818.mp4 and updated unified JSON event log
2026-04-19 04:48:42,544 [INFO] TapoAI: [Inside] Saved video ./recordings/Inside_0419-044832.mp4 and updated unified JSON event log
2026-04-19 04:48:55,736 [INFO] TapoAI: [Inside] Saved video ./recordings/Inside_0419-044843.mp4 and updated unified JSON event log
2026-04-19 04:49:15,764 [INFO] TapoAI: [Inside] Saved video ./recordings/Inside_0419-044907.mp4 and updated unified JSON event log
2026-04-19 04:49:31,324 [INFO] TapoAI: [Inside] Saved video ./recordings/Inside_0419-044923.mp4 and updated unified JSON event log
2026-04-19 04:49:41,660 [INFO] TapoAI: [Inside] Saved video ./recordings/Inside_0419-044933.mp4 and updated unified JSON event log
2026-04-19 04:49:56,486 [INFO] TapoAI: [Inside] Saved video ./recordings/Inside_0419-044942.mp4 and updated unified JSON event log
2026-04-19 04:50:21,551 [INFO] TapoAI: [Inside] Saved video ./recordings/Inside_0419-045013.mp4 and updated unified JSON event log
2026-04-19 04:50:44,657 [INFO] TapoAI: [Inside] Saved video ./recordings/Inside_0419-045023.mp4 and updated unified JSON event log
2026-04-19 04:50:58,893 [INFO] TapoAI: [Inside] Saved video ./recordings/Inside_0419-045047.mp4 and updated unified JSON event log
2026-04-19 04:51:36,364 [INFO] TapoAI: [Inside] Saved video ./recordings/Inside_0419-045126.mp4 and updated unified JSON event log
2026-04-19 04:51:51,647 [INFO] TapoAI: [Inside] Saved video ./recordings/Inside_0419-045139.mp4 and updated unified JSON event log
2026-04-19 04:52:11,567 [INFO] TapoAI: [Inside] Saved video ./recordings/Inside_0419-045203.mp4 and updated unified JSON event log
2026-04-19 04:52:40,464 [INFO] TapoAI: [Inside] Saved video ./recordings/Inside_0419-045226.mp4 and updated unified JSON event log
2026-04-19 04:52:58,755 [INFO] TapoAI: [Inside] Saved video ./recordings/Inside_0419-045249.mp4 and updated unified JSON event log
2026-04-19 04:53:11,406 [INFO] TapoAI: [Inside] Saved video ./recordings/Inside_0419-045303.mp4 and updated unified JSON event log
2026-04-19 04:53:21,328 [INFO] TapoAI: [Inside] Saved video ./recordings/Inside_0419-045313.mp4 and updated unified JSON event log
2026-04-19 04:53:45,034 [INFO] TapoAI: [Inside] Saved video ./recordings/Inside_0419-045336.mp4 and updated unified JSON event log
2026-04-19 04:53:56,092 [INFO] TapoAI: [Inside] Saved video ./recordings/Inside_0419-045347.mp4 and updated unified JSON event log
2026-04-19 04:54:14,965 [INFO] TapoAI: [Inside] Saved video ./recordings/Inside_0419-045403.mp4 and updated unified JSON event log
2026-04-19 04:54:58,713 [INFO] TapoAI: [Inside] Saved video ./recordings/Inside_0419-045439.mp4 and updated unified JSON event log
2026-04-19 04:55:10,099 [INFO] TapoAI: [Inside] Saved video ./recordings/Inside_0419-045501.mp4 and updated unified JSON event log
2026-04-19 04:55:24,716 [INFO] TapoAI: [Inside] Saved video ./recordings/Inside_0419-045516.mp4 and updated unified JSON event log
2026-04-19 04:55:41,194 [INFO] TapoAI: [Inside] Saved video ./recordings/Inside_0419-045532.mp4 and updated unified JSON event log
2026-04-19 04:55:55,130 [INFO] TapoAI: [Inside] Saved video ./recordings/Inside_0419-045546.mp4 and updated unified JSON event log
2026-04-19 04:56:21,122 [INFO] TapoAI: [Inside] Saved video ./recordings/Inside_0419-045612.mp4 and updated unified JSON event log
2026-04-19 04:57:01,501 [INFO] TapoAI: [Inside] Saved video ./recordings/Inside_0419-045643.mp4 and updated unified JSON event log
2026-04-19 04:57:12,100 [INFO] TapoAI: [Inside] Saved video ./recordings/Inside_0419-045703.mp4 and updated unified JSON event log
2026-04-19 04:57:24,329 [INFO] TapoAI: [Inside] Saved video ./recordings/Inside_0419-045712.mp4 and updated unified JSON event log
2026-04-19 04:57:51,134 [INFO] TapoAI: [Inside] Saved video ./recordings/Inside_0419-045742.mp4 and updated unified JSON event log
2026-04-19 04:58:31,445 [INFO] TapoAI: [Inside] Saved video ./recordings/Inside_0419-045823.mp4 and updated unified JSON event log
2026-04-19 04:59:11,635 [INFO] TapoAI: [Inside] Saved video ./recordings/Inside_0419-045850.mp4 and updated unified JSON event log
2026-04-19 05:00:01,408 [INFO] TapoAI: [Inside] Saved video ./recordings/Inside_0419-045953.mp4 and updated unified JSON event log
2026-04-19 05:00:41,367 [INFO] TapoAI: [Inside] Saved video ./recordings/Inside_0419-050018.mp4 and updated unified JSON event log
2026-04-19 05:01:01,464 [INFO] TapoAI: [Inside] Saved video ./recordings/Inside_0419-050053.mp4 and updated unified JSON event log
2026-04-19 05:01:47,307 [INFO] TapoAI: [Inside] Saved video ./recordings/Inside_0419-050133.mp4 and updated unified JSON event log
2026-04-19 05:01:58,722 [INFO] TapoAI: [Inside] Saved video ./recordings/Inside_0419-050149.mp4 and updated unified JSON event log
2026-04-19 05:02:09,214 [INFO] TapoAI: [Inside] Saved video ./recordings/Inside_0419-050200.mp4 and updated unified JSON event log
2026-04-19 05:02:36,010 [INFO] TapoAI: [Inside] Saved video ./recordings/Inside_0419-050209.mp4 and updated unified JSON event log
2026-04-19 05:03:04,927 [INFO] TapoAI: [Inside] Saved video ./recordings/Inside_0419-050256.mp4 and updated unified JSON event log
2026-04-19 05:03:56,493 [INFO] TapoAI: [Inside] Saved video ./recordings/Inside_0419-050347.mp4 and updated unified JSON event log
2026-04-19 05:04:17,866 [INFO] TapoAI: [Inside] Saved video ./recordings/Inside_0419-050409.mp4 and updated unified JSON event log
2026-04-19 05:04:51,432 [INFO] TapoAI: [Inside] Saved video ./recordings/Inside_0419-050443.mp4 and updated unified JSON event log
2026-04-19 05:05:00,978 [INFO] TapoAI: [Inside] Saved video ./recordings/Inside_0419-050452.mp4 and updated unified JSON event log
2026-04-19 05:05:18,014 [INFO] TapoAI: [Inside] Saved video ./recordings/Inside_0419-050502.mp4 and updated unified JSON event log
2026-04-19 05:06:01,210 [INFO] TapoAI: [Inside] Saved video ./recordings/Inside_0419-050552.mp4 and updated unified JSON event log
2026-04-19 05:06:14,726 [INFO] TapoAI: [Inside] Saved video ./recordings/Inside_0419-050606.mp4 and updated unified JSON event log
2026-04-19 05:07:05,700 [INFO] TapoAI: [Inside] Saved video ./recordings/Inside_0419-050643.mp4 and updated unified JSON event log
2026-04-19 05:07:24,673 [INFO] TapoAI: [Inside] Saved video ./recordings/Inside_0419-050716.mp4 and updated unified JSON event log
2026-04-19 05:07:55,370 [INFO] TapoAI: [Inside] Saved video ./recordings/Inside_0419-050742.mp4 and updated unified JSON event log
2026-04-19 05:08:04,499 [INFO] TapoAI: [Inside] Saved video ./recordings/Inside_0419-050756.mp4 and updated unified JSON event log
2026-04-19 05:08:58,993 [INFO] TapoAI: [Inside] Saved video ./recordings/Inside_0419-050842.mp4 and updated unified JSON event log
2026-04-19 05:09:26,667 [INFO] TapoAI: [Inside] Saved video ./recordings/Inside_0419-050912.mp4 and updated unified JSON event log
2026-04-19 05:10:31,626 [INFO] TapoAI: [Inside] Saved video ./recordings/Inside_0419-051023.mp4 and updated unified JSON event log
2026-04-19 05:10:46,633 [INFO] TapoAI: [Inside] Saved video ./recordings/Inside_0419-051038.mp4 and updated unified JSON event log
2026-04-19 05:11:31,272 [INFO] TapoAI: [Inside] Saved video ./recordings/Inside_0419-051116.mp4 and updated unified JSON event log
2026-04-19 05:11:55,203 [INFO] TapoAI: [Inside] Saved video ./recordings/Inside_0419-051146.mp4 and updated unified JSON event log
2026-04-19 05:12:04,932 [INFO] TapoAI: [Inside] Saved video ./recordings/Inside_0419-051156.mp4 and updated unified JSON event log
2026-04-19 05:12:48,576 [INFO] TapoAI: [Inside] Saved video ./recordings/Inside_0419-051239.mp4 and updated unified JSON event log
2026-04-19 05:13:11,258 [INFO] TapoAI: [Inside] Saved video ./recordings/Inside_0419-051303.mp4 and updated unified JSON event log
2026-04-19 05:14:01,180 [INFO] TapoAI: [Inside] Saved video ./recordings/Inside_0419-051342.mp4 and updated unified JSON event log
2026-04-19 05:15:07,891 [INFO] TapoAI: [Inside] Saved video ./recordings/Inside_0419-051457.mp4 and updated unified JSON event log
2026-04-19 05:15:51,385 [INFO] TapoAI: [Inside] Saved video ./recordings/Inside_0419-051543.mp4 and updated unified JSON event log
2026-04-19 05:16:16,612 [INFO] TapoAI: [Inside] Saved video ./recordings/Inside_0419-051605.mp4 and updated unified JSON event log
2026-04-19 05:16:31,359 [INFO] TapoAI: [Inside] Saved video ./recordings/Inside_0419-051623.mp4 and updated unified JSON event log
2026-04-19 05:17:01,142 [INFO] TapoAI: [Inside] Saved video ./recordings/Inside_0419-051643.mp4 and updated unified JSON event log
2026-04-19 05:17:21,283 [INFO] TapoAI: [Inside] Saved video ./recordings/Inside_0419-051703.mp4 and updated unified JSON event log
2026-04-19 05:18:04,668 [INFO] TapoAI: [Inside] Saved video ./recordings/Inside_0419-051756.mp4 and updated unified JSON event log
2026-04-19 05:18:34,667 [INFO] TapoAI: [Inside] Saved video ./recordings/Inside_0419-051826.mp4 and updated unified JSON event log
2026-04-19 05:18:50,248 [INFO] TapoAI: [Inside] Saved video ./recordings/Inside_0419-051842.mp4 and updated unified JSON event log
2026-04-19 05:19:15,638 [INFO] TapoAI: [Inside] Saved video ./recordings/Inside_0419-051907.mp4 and updated unified JSON event log
2026-04-19 05:20:01,424 [INFO] TapoAI: [Inside] Saved video ./recordings/Inside_0419-051946.mp4 and updated unified JSON event log
2026-04-19 05:20:11,917 [INFO] TapoAI: [Inside] Saved video ./recordings/Inside_0419-052003.mp4 and updated unified JSON event log
2026-04-19 05:20:31,372 [INFO] TapoAI: [Inside] Saved video ./recordings/Inside_0419-052017.mp4 and updated unified JSON event log
2026-04-19 05:20:47,904 [INFO] TapoAI: [Inside] Saved video ./recordings/Inside_0419-052039.mp4 and updated unified JSON event log
2026-04-19 05:21:22,920 [INFO] TapoAI: [Inside] Saved video ./recordings/Inside_0419-052109.mp4 and updated unified JSON event log
2026-04-19 05:21:58,177 [INFO] TapoAI: [Inside] Saved video ./recordings/Inside_0419-052149.mp4 and updated unified JSON event log
2026-04-19 05:22:36,169 [INFO] TapoAI: [Inside] Saved video ./recordings/Inside_0419-052227.mp4 and updated unified JSON event log
2026-04-19 05:22:58,508 [INFO] TapoAI: [Inside] Saved video ./recordings/Inside_0419-052250.mp4 and updated unified JSON event log
2026-04-19 05:23:20,477 [INFO] TapoAI: [Inside] Saved video ./recordings/Inside_0419-052311.mp4 and updated unified JSON event log
2026-04-19 05:23:44,112 [INFO] TapoAI: [Inside] Saved video ./recordings/Inside_0419-052323.mp4 and updated unified JSON event log
2026-04-19 05:23:57,581 [INFO] TapoAI: [Inside] Saved video ./recordings/Inside_0419-052348.mp4 and updated unified JSON event log
2026-04-19 05:24:19,731 [INFO] TapoAI: [Inside] Saved video ./recordings/Inside_0419-052403.mp4 and updated unified JSON event log
2026-04-19 05:24:41,316 [INFO] TapoAI: [Inside] Saved video ./recordings/Inside_0419-052433.mp4 and updated unified JSON event log
2026-04-19 05:25:09,820 [INFO] TapoAI: [Inside] Saved video ./recordings/Inside_0419-052443.mp4 and updated unified JSON event log
2026-04-19 05:25:29,021 [INFO] TapoAI: [Inside] Saved video ./recordings/Inside_0419-052512.mp4 and updated unified JSON event log
2026-04-19 05:25:54,947 [INFO] TapoAI: [Inside] Saved video ./recordings/Inside_0419-052546.mp4 and updated unified JSON event log
2026-04-19 05:26:21,409 [INFO] TapoAI: [Inside] Saved video ./recordings/Inside_0419-052608.mp4 and updated unified JSON event log
2026-04-19 05:26:31,333 [INFO] TapoAI: [Inside] Saved video ./recordings/Inside_0419-052623.mp4 and updated unified JSON event log
2026-04-19 05:26:40,866 [INFO] TapoAI: [Inside] Saved video ./recordings/Inside_0419-052632.mp4 and updated unified JSON event log
2026-04-19 05:26:54,879 [INFO] TapoAI: [Inside] Saved video ./recordings/Inside_0419-052641.mp4 and updated unified JSON event log
2026-04-19 05:27:15,531 [INFO] TapoAI: [Inside] Saved video ./recordings/Inside_0419-052658.mp4 and updated unified JSON event log
2026-04-19 05:27:28,080 [INFO] TapoAI: [Inside] Saved video ./recordings/Inside_0419-052717.mp4 and updated unified JSON event log
2026-04-19 05:28:05,408 [INFO] TapoAI: [Inside] Saved video ./recordings/Inside_0419-052746.mp4 and updated unified JSON event log
2026-04-19 05:28:40,689 [INFO] TapoAI: [Inside] Saved video ./recordings/Inside_0419-052805.mp4 and updated unified JSON event log
2026-04-19 05:29:34,198 [INFO] TapoAI: [Inside] Saved video ./recordings/Inside_0419-052846.mp4 and updated unified JSON event log
2026-04-19 05:30:01,203 [INFO] TapoAI: [Inside] Saved video ./recordings/Inside_0419-052937.mp4 and updated unified JSON event log
2026-04-19 05:30:28,025 [INFO] TapoAI: [Inside] Saved video ./recordings/Inside_0419-053006.mp4 and updated unified JSON event log
2026-04-19 05:30:41,309 [INFO] TapoAI: [Inside] Saved video ./recordings/Inside_0419-053032.mp4 and updated unified JSON event log
2026-04-19 05:31:11,804 [INFO] TapoAI: [Inside] Saved video ./recordings/Inside_0419-053057.mp4 and updated unified JSON event log
2026-04-19 05:31:24,668 [INFO] TapoAI: [Inside] Saved video ./recordings/Inside_0419-053116.mp4 and updated unified JSON event log
2026-04-19 05:31:48,672 [INFO] TapoAI: [Inside] Saved video ./recordings/Inside_0419-053129.mp4 and updated unified JSON event log
2026-04-19 05:32:09,868 [INFO] TapoAI: [Inside] Saved video ./recordings/Inside_0419-053152.mp4 and updated unified JSON event log
2026-04-19 05:32:30,567 [INFO] TapoAI: [Inside] Saved video ./recordings/Inside_0419-053222.mp4 and updated unified JSON event log
2026-04-19 05:32:57,409 [INFO] TapoAI: [Inside] Saved video ./recordings/Inside_0419-053243.mp4 and updated unified JSON event log
2026-04-19 05:33:21,329 [INFO] TapoAI: [Inside] Saved video ./recordings/Inside_0419-053303.mp4 and updated unified JSON event log
2026-04-19 05:33:30,971 [INFO] TapoAI: [Inside] Saved video ./recordings/Inside_0419-053322.mp4 and updated unified JSON event log
2026-04-19 05:33:40,909 [INFO] TapoAI: [Inside] Saved video ./recordings/Inside_0419-053332.mp4 and updated unified JSON event log
2026-04-19 05:34:04,207 [INFO] TapoAI: [Inside] Saved video ./recordings/Inside_0419-053341.mp4 and updated unified JSON event log
2026-04-19 05:34:21,067 [INFO] TapoAI: [Inside] Saved video ./recordings/Inside_0419-053410.mp4 and updated unified JSON event log
2026-04-19 05:34:31,083 [INFO] TapoAI: [Inside] Saved video ./recordings/Inside_0419-053422.mp4 and updated unified JSON event log
2026-04-19 05:35:27,074 [INFO] TapoAI: [Inside] Saved video ./recordings/Inside_0419-053518.mp4 and updated unified JSON event log
2026-04-19 05:36:01,155 [INFO] TapoAI: [Inside] Saved video ./recordings/Inside_0419-053539.mp4 and updated unified JSON event log
2026-04-19 05:36:11,545 [INFO] TapoAI: [Inside] Saved video ./recordings/Inside_0419-053603.mp4 and updated unified JSON event log
2026-04-19 05:36:36,892 [INFO] TapoAI: [Inside] Saved video ./recordings/Inside_0419-053621.mp4 and updated unified JSON event log
2026-04-19 05:37:15,830 [INFO] TapoAI: [Inside] Saved video ./recordings/Inside_0419-053637.mp4 and updated unified JSON event log
2026-04-19 05:37:35,814 [INFO] TapoAI: [Inside] Saved video ./recordings/Inside_0419-053718.mp4 and updated unified JSON event log
2026-04-19 05:38:08,956 [INFO] TapoAI: [Inside] Saved video ./recordings/Inside_0419-053739.mp4 and updated unified JSON event log
2026-04-19 05:38:27,455 [INFO] TapoAI: [Inside] Saved video ./recordings/Inside_0419-053818.mp4 and updated unified JSON event log
2026-04-19 05:38:39,277 [INFO] TapoAI: [Inside] Saved video ./recordings/Inside_0419-053831.mp4 and updated unified JSON event log
2026-04-19 05:39:17,379 [INFO] TapoAI: [Inside] Saved video ./recordings/Inside_0419-053853.mp4 and updated unified JSON event log
2026-04-19 05:40:34,734 [INFO] TapoAI: [Inside] Saved video ./recordings/Inside_0419-053925.mp4 and updated unified JSON event log
2026-04-19 05:41:59,190 [INFO] TapoAI: [Inside] Saved video ./recordings/Inside_0419-054035.mp4 and updated unified JSON event log
2026-04-19 05:42:20,008 [INFO] TapoAI: [Inside] Saved video ./recordings/Inside_0419-054207.mp4 and updated unified JSON event log
2026-04-19 05:42:41,224 [INFO] TapoAI: [Inside] Saved video ./recordings/Inside_0419-054223.mp4 and updated unified JSON event log
2026-04-19 05:43:28,123 [INFO] TapoAI: [Inside] Saved video ./recordings/Inside_0419-054243.mp4 and updated unified JSON event log
2026-04-19 05:44:01,152 [INFO] TapoAI: [Inside] Saved video ./recordings/Inside_0419-054329.mp4 and updated unified JSON event log
2026-04-19 05:44:30,149 [INFO] TapoAI: [Inside] Saved video ./recordings/Inside_0419-054413.mp4 and updated unified JSON event log
2026-04-19 05:44:59,537 [INFO] TapoAI: [Inside] Saved video ./recordings/Inside_0419-054435.mp4 and updated unified JSON event log
2026-04-19 05:45:11,744 [INFO] TapoAI: [Inside] Saved video ./recordings/Inside_0419-054500.mp4 and updated unified JSON event log
2026-04-19 05:45:23,373 [INFO] TapoAI: [Inside] Saved video ./recordings/Inside_0419-054512.mp4 and updated unified JSON event log
2026-04-19 05:45:41,100 [INFO] TapoAI: [Inside] Saved video ./recordings/Inside_0419-054526.mp4 and updated unified JSON event log
2026-04-19 05:46:41,498 [INFO] TapoAI: [Inside] Saved video ./recordings/Inside_0419-054543.mp4 and updated unified JSON event log
2026-04-19 05:47:07,964 [INFO] TapoAI: [Inside] Saved video ./recordings/Inside_0419-054642.mp4 and updated unified JSON event log
2026-04-19 05:47:38,901 [INFO] TapoAI: [Inside] Saved video ./recordings/Inside_0419-054710.mp4 and updated unified JSON event log
2026-04-19 05:47:56,674 [INFO] TapoAI: [Inside] Saved video ./recordings/Inside_0419-054739.mp4 and updated unified JSON event log
2026-04-19 05:48:07,553 [INFO] TapoAI: [Inside] Saved video ./recordings/Inside_0419-054758.mp4 and updated unified JSON event log
2026-04-19 05:48:35,051 [INFO] TapoAI: [Inside] Saved video ./recordings/Inside_0419-054809.mp4 and updated unified JSON event log
2026-04-19 05:49:12,898 [INFO] TapoAI: [Inside] Saved video ./recordings/Inside_0419-054836.mp4 and updated unified JSON event log
2026-04-19 05:49:57,573 [INFO] TapoAI: [Inside] Saved video ./recordings/Inside_0419-054917.mp4 and updated unified JSON event log
2026-04-19 05:50:17,178 [INFO] TapoAI: [Inside] Saved video ./recordings/Inside_0419-055008.mp4 and updated unified JSON event log
2026-04-19 05:50:41,082 [INFO] TapoAI: [Inside] Saved video ./recordings/Inside_0419-055021.mp4 and updated unified JSON event log
2026-04-19 05:50:58,042 [INFO] TapoAI: [Inside] Saved video ./recordings/Inside_0419-055041.mp4 and updated unified JSON event log
2026-04-19 05:51:38,823 [INFO] TapoAI: [Inside] Saved video ./recordings/Inside_0419-055103.mp4 and updated unified JSON event log
2026-04-19 05:51:58,611 [INFO] TapoAI: [Inside] Saved video ./recordings/Inside_0419-055142.mp4 and updated unified JSON event log
2026-04-19 05:52:21,495 [INFO] TapoAI: [Inside] Saved video ./recordings/Inside_0419-055207.mp4 and updated unified JSON event log
2026-04-19 05:52:30,808 [INFO] TapoAI: [Inside] Saved video ./recordings/Inside_0419-055222.mp4 and updated unified JSON event log
2026-04-19 05:52:49,046 [INFO] TapoAI: [UPatio] Saved video ./recordings/UPatio_0419-055155.mp4 and updated unified JSON event log
2026-04-19 05:53:06,120 [INFO] TapoAI: [Inside] Saved video ./recordings/Inside_0419-055241.mp4 and updated unified JSON event log
2026-04-19 05:53:20,835 [INFO] TapoAI: [Inside] Saved video ./recordings/Inside_0419-055307.mp4 and updated unified JSON event log
2026-04-19 05:53:39,677 [INFO] TapoAI: [Inside] Saved video ./recordings/Inside_0419-055323.mp4 and updated unified JSON event log
2026-04-19 05:53:54,832 [INFO] TapoAI: [Inside] Saved video ./recordings/Inside_0419-055340.mp4 and updated unified JSON event log
2026-04-19 05:54:08,034 [INFO] TapoAI: [Inside] Saved video ./recordings/Inside_0419-055359.mp4 and updated unified JSON event log
2026-04-19 05:55:11,415 [INFO] TapoAI: [Inside] Saved video ./recordings/Inside_0419-055410.mp4 and updated unified JSON event log
2026-04-19 05:56:02,571 [INFO] TapoAI: [Inside] Saved video ./recordings/Inside_0419-055541.mp4 and updated unified JSON event log
2026-04-19 05:58:21,431 [INFO] TapoAI: [Inside] Saved video ./recordings/Inside_0419-055813.mp4 and updated unified JSON event log
2026-04-19 05:58:36,155 [INFO] TapoAI: [Inside] Saved video ./recordings/Inside_0419-055827.mp4 and updated unified JSON event log
2026-04-19 05:58:49,643 [INFO] TapoAI: [Inside] Saved video ./recordings/Inside_0419-055836.mp4 and updated unified JSON event log
2026-04-19 05:59:08,900 [INFO] TapoAI: [LPatio] Saved video ./recordings/LPatio_0419-055840.mp4 and updated unified JSON event log
2026-04-19 05:59:21,499 [INFO] TapoAI: [Inside] Saved video ./recordings/Inside_0419-055913.mp4 and updated unified JSON event log
2026-04-19 05:59:33,109 [INFO] TapoAI: [LPatio] Saved video ./recordings/LPatio_0419-055924.mp4 and updated unified JSON event log
2026-04-19 05:59:57,685 [INFO] TapoAI: [LPatio] Saved video ./recordings/LPatio_0419-055949.mp4 and updated unified JSON event log
2026-04-19 06:00:22,369 [INFO] TapoAI: [Inside] Saved video ./recordings/Inside_0419-060014.mp4 and updated unified JSON event log
2026-04-19 06:00:33,369 [INFO] TapoAI: [LPatio] Saved video ./recordings/LPatio_0419-060005.mp4 and updated unified JSON event log
2026-04-19 06:00:58,303 [INFO] TapoAI: [Inside] Saved video ./recordings/Inside_0419-060050.mp4 and updated unified JSON event log
2026-04-19 06:07:24,206 [INFO] TapoAI: [UPatio] Saved video ./recordings/UPatio_0419-060037.mp4 and updated unified JSON event log
2026-04-19 06:20:00,459 [INFO] TapoAI: [Inside] Saved video ./recordings/Inside_0419-061952.mp4 and updated unified JSON event log
2026-04-19 06:26:27,011 [WARNING] TapoAI: [UPatio] Stream lost, reconnecting in 3s...
2026-04-19 06:26:33,254 [WARNING] TapoAI: [UPatio] Stream unavailable, retrying in 5s...
2026-04-19 06:26:41,445 [WARNING] TapoAI: [UPatio] Stream unavailable, retrying in 5s...
2026-04-19 06:26:49,702 [WARNING] TapoAI: [UPatio] Stream unavailable, retrying in 5s...
2026-04-19 06:26:57,961 [WARNING] TapoAI: [UPatio] Stream unavailable, retrying in 5s...
2026-04-19 06:27:06,213 [WARNING] TapoAI: [UPatio] Stream unavailable, retrying in 5s...
2026-04-19 06:27:14,472 [WARNING] TapoAI: [UPatio] Stream unavailable, retrying in 5s...
2026-04-19 06:27:22,662 [WARNING] TapoAI: [UPatio] Stream unavailable, retrying in 5s...
2026-04-19 06:27:30,853 [WARNING] TapoAI: [UPatio] Stream unavailable, retrying in 5s...
2026-04-19 06:27:39,044 [WARNING] TapoAI: [UPatio] Stream unavailable, retrying in 5s...
2026-04-19 06:27:47,237 [WARNING] TapoAI: [UPatio] Stream unavailable, retrying in 5s...
2026-04-19 06:27:55,493 [WARNING] TapoAI: [UPatio] Stream unavailable, retrying in 5s...
2026-04-19 06:28:03,685 [WARNING] TapoAI: [UPatio] Stream unavailable, retrying in 5s...
2026-04-19 06:28:11,940 [WARNING] TapoAI: [UPatio] Stream unavailable, retrying in 5s...
2026-04-19 06:28:20,197 [WARNING] TapoAI: [UPatio] Stream unavailable, retrying in 5s...
2026-04-19 06:28:28,452 [WARNING] TapoAI: [UPatio] Stream unavailable, retrying in 5s...
2026-04-19 06:28:36,710 [WARNING] TapoAI: [UPatio] Stream unavailable, retrying in 5s...
2026-04-19 06:28:44,966 [WARNING] TapoAI: [UPatio] Stream unavailable, retrying in 5s...
2026-04-19 06:28:53,093 [WARNING] TapoAI: [UPatio] Stream unavailable, retrying in 5s...
2026-04-19 06:29:01,284 [WARNING] TapoAI: [UPatio] Stream unavailable, retrying in 5s...
2026-04-19 06:29:09,543 [WARNING] TapoAI: [UPatio] Stream unavailable, retrying in 5s...
2026-04-19 06:29:17,796 [WARNING] TapoAI: [UPatio] Stream unavailable, retrying in 5s...
2026-04-19 06:29:21,375 [INFO] TapoAI: [Inside] Saved video ./recordings/Inside_0419-062913.mp4 and updated unified JSON event log
2026-04-19 06:29:25,924 [WARNING] TapoAI: [UPatio] Stream unavailable, retrying in 5s...
2026-04-19 06:29:34,052 [WARNING] TapoAI: [UPatio] Stream unavailable, retrying in 5s...
2026-04-19 06:29:42,180 [WARNING] TapoAI: [UPatio] Stream unavailable, retrying in 5s...
2026-04-19 06:29:50,435 [WARNING] TapoAI: [UPatio] Stream unavailable, retrying in 5s...
2026-04-19 06:29:58,690 [WARNING] TapoAI: [UPatio] Stream unavailable, retrying in 5s...
2026-04-19 06:30:06,966 [WARNING] TapoAI: [UPatio] Stream unavailable, retrying in 5s...
2026-04-19 06:30:15,204 [WARNING] TapoAI: [UPatio] Stream unavailable, retrying in 5s...
2026-04-19 06:30:23,460 [WARNING] TapoAI: [UPatio] Stream unavailable, retrying in 5s...
2026-04-19 06:30:31,715 [WARNING] TapoAI: [UPatio] Stream unavailable, retrying in 5s...
2026-04-19 06:30:39,973 [WARNING] TapoAI: [UPatio] Stream unavailable, retrying in 5s...
2026-04-19 06:30:48,228 [WARNING] TapoAI: [UPatio] Stream unavailable, retrying in 5s...
2026-04-19 06:30:56,483 [WARNING] TapoAI: [UPatio] Stream unavailable, retrying in 5s...
2026-04-19 06:31:04,675 [WARNING] TapoAI: [UPatio] Stream unavailable, retrying in 5s...
2026-04-19 06:31:08,927 [INFO] TapoAI: [LPatio] Saved video ./recordings/LPatio_0419-063050.mp4 and updated unified JSON event log
2026-04-19 06:31:12,874 [WARNING] TapoAI: [UPatio] Stream unavailable, retrying in 5s...
2026-04-19 06:31:21,123 [WARNING] TapoAI: [UPatio] Stream unavailable, retrying in 5s...
2026-04-19 06:31:29,252 [WARNING] TapoAI: [UPatio] Stream unavailable, retrying in 5s...
2026-04-19 06:31:37,443 [WARNING] TapoAI: [UPatio] Stream unavailable, retrying in 5s...
2026-04-19 06:31:45,636 [WARNING] TapoAI: [UPatio] Stream unavailable, retrying in 5s...
2026-04-19 06:31:53,892 [WARNING] TapoAI: [UPatio] Stream unavailable, retrying in 5s...
2026-04-19 06:32:02,149 [WARNING] TapoAI: [UPatio] Stream unavailable, retrying in 5s...
2026-04-19 06:32:10,274 [WARNING] TapoAI: [UPatio] Stream unavailable, retrying in 5s...
2026-04-19 06:32:18,536 [WARNING] TapoAI: [UPatio] Stream unavailable, retrying in 5s...
2026-04-19 06:32:26,724 [WARNING] TapoAI: [UPatio] Stream unavailable, retrying in 5s...
2026-04-19 06:32:34,984 [WARNING] TapoAI: [UPatio] Stream unavailable, retrying in 5s...
2026-04-19 06:32:43,238 [WARNING] TapoAI: [UPatio] Stream unavailable, retrying in 5s...
2026-04-19 06:32:51,504 [WARNING] TapoAI: [UPatio] Stream unavailable, retrying in 5s...
2026-04-19 06:32:59,683 [WARNING] TapoAI: [UPatio] Stream unavailable, retrying in 5s...
2026-04-19 06:33:07,940 [WARNING] TapoAI: [UPatio] Stream unavailable, retrying in 5s...
2026-04-19 06:33:16,132 [WARNING] TapoAI: [UPatio] Stream unavailable, retrying in 5s...
2026-04-19 06:33:24,061 [INFO] TapoAI: [Inside] Saved video ./recordings/Inside_0419-063315.mp4 and updated unified JSON event log
2026-04-19 06:33:24,387 [WARNING] TapoAI: [UPatio] Stream unavailable, retrying in 5s...
2026-04-19 06:33:32,517 [WARNING] TapoAI: [UPatio] Stream unavailable, retrying in 5s...
2026-04-19 06:33:40,771 [WARNING] TapoAI: [UPatio] Stream unavailable, retrying in 5s...
2026-04-19 06:33:49,026 [WARNING] TapoAI: [UPatio] Stream unavailable, retrying in 5s...
2026-04-19 06:33:57,282 [WARNING] TapoAI: [UPatio] Stream unavailable, retrying in 5s...
2026-04-19 06:34:05,472 [WARNING] TapoAI: [UPatio] Stream unavailable, retrying in 5s...
2026-04-19 06:34:13,729 [WARNING] TapoAI: [UPatio] Stream unavailable, retrying in 5s...
2026-04-19 06:34:20,816 [INFO] TapoAI: [Inside] Saved video ./recordings/Inside_0419-063412.mp4 and updated unified JSON event log
2026-04-19 06:34:21,923 [WARNING] TapoAI: [UPatio] Stream unavailable, retrying in 5s...
2026-04-19 06:34:30,111 [WARNING] TapoAI: [UPatio] Stream unavailable, retrying in 5s...
2026-04-19 06:34:38,308 [WARNING] TapoAI: [UPatio] Stream unavailable, retrying in 5s...
2026-04-19 06:34:46,495 [WARNING] TapoAI: [UPatio] Stream unavailable, retrying in 5s...
2026-04-19 06:34:54,750 [WARNING] TapoAI: [UPatio] Stream unavailable, retrying in 5s...
2026-04-19 06:35:02,943 [WARNING] TapoAI: [UPatio] Stream unavailable, retrying in 5s...
2026-04-19 06:35:11,200 [WARNING] TapoAI: [UPatio] Stream unavailable, retrying in 5s...
2026-04-19 06:35:19,392 [WARNING] TapoAI: [UPatio] Stream unavailable, retrying in 5s...
2026-04-19 06:35:27,649 [WARNING] TapoAI: [UPatio] Stream unavailable, retrying in 5s...
2026-04-19 06:35:35,904 [WARNING] TapoAI: [UPatio] Stream unavailable, retrying in 5s...
2026-04-19 06:35:44,095 [WARNING] TapoAI: [UPatio] Stream unavailable, retrying in 5s...
2026-04-19 06:35:50,818 [INFO] TapoAI: [Inside] Saved video ./recordings/Inside_0419-063542.mp4 and updated unified JSON event log
2026-04-19 06:35:52,290 [WARNING] TapoAI: [UPatio] Stream unavailable, retrying in 5s...
2026-04-19 06:36:00,479 [WARNING] TapoAI: [UPatio] Stream unavailable, retrying in 5s...
2026-04-19 06:36:06,481 [INFO] TapoAI: [Inside] Saved video ./recordings/Inside_0419-063558.mp4 and updated unified JSON event log
2026-04-19 06:36:08,736 [WARNING] TapoAI: [UPatio] Stream unavailable, retrying in 5s...
2026-04-19 06:36:16,927 [WARNING] TapoAI: [UPatio] Stream unavailable, retrying in 5s...
2026-04-19 06:36:20,196 [INFO] TapoAI: [Inside] Saved video ./recordings/Inside_0419-063611.mp4 and updated unified JSON event log
2026-04-19 06:36:25,185 [WARNING] TapoAI: [UPatio] Stream unavailable, retrying in 5s...
2026-04-19 06:36:30,843 [INFO] TapoAI: [Inside] Saved video ./recordings/Inside_0419-063622.mp4 and updated unified JSON event log
2026-04-19 06:36:33,443 [WARNING] TapoAI: [UPatio] Stream unavailable, retrying in 5s...
2026-04-19 06:36:41,635 [WARNING] TapoAI: [UPatio] Stream unavailable, retrying in 5s...
2026-04-19 06:36:49,890 [WARNING] TapoAI: [UPatio] Stream unavailable, retrying in 5s...
2026-04-19 06:36:58,143 [WARNING] TapoAI: [UPatio] Stream unavailable, retrying in 5s...
2026-04-19 06:37:06,400 [WARNING] TapoAI: [UPatio] Stream unavailable, retrying in 5s...
2026-04-19 06:37:10,702 [INFO] TapoAI: [Inside] Saved video ./recordings/Inside_0419-063700.mp4 and updated unified JSON event log
2026-04-19 06:37:14,655 [WARNING] TapoAI: [UPatio] Stream unavailable, retrying in 5s...
2026-04-19 06:37:22,912 [WARNING] TapoAI: [UPatio] Stream unavailable, retrying in 5s...
2026-04-19 06:37:31,167 [WARNING] TapoAI: [UPatio] Stream unavailable, retrying in 5s...
2026-04-19 06:37:39,362 [WARNING] TapoAI: [UPatio] Stream unavailable, retrying in 5s...
2026-04-19 06:37:47,615 [WARNING] TapoAI: [UPatio] Stream unavailable, retrying in 5s...
2026-04-19 06:37:55,807 [WARNING] TapoAI: [UPatio] Stream unavailable, retrying in 5s...
2026-04-19 06:38:04,070 [WARNING] TapoAI: [UPatio] Stream unavailable, retrying in 5s...
2026-04-19 06:38:12,322 [WARNING] TapoAI: [UPatio] Stream unavailable, retrying in 5s...
2026-04-19 06:38:20,575 [WARNING] TapoAI: [UPatio] Stream unavailable, retrying in 5s...
2026-04-19 06:38:28,836 [WARNING] TapoAI: [UPatio] Stream unavailable, retrying in 5s...
2026-04-19 06:38:37,170 [WARNING] TapoAI: [UPatio] Stream unavailable, retrying in 5s...
2026-04-19 06:38:45,408 [WARNING] TapoAI: [UPatio] Stream unavailable, retrying in 5s...
2026-04-19 06:38:53,603 [WARNING] TapoAI: [UPatio] Stream unavailable, retrying in 5s...
2026-04-19 06:39:01,794 [WARNING] TapoAI: [UPatio] Stream unavailable, retrying in 5s...
2026-04-19 06:39:10,048 [WARNING] TapoAI: [UPatio] Stream unavailable, retrying in 5s...
2026-04-19 06:39:18,309 [WARNING] TapoAI: [UPatio] Stream unavailable, retrying in 5s...
2026-04-19 06:39:26,560 [WARNING] TapoAI: [UPatio] Stream unavailable, retrying in 5s...
2026-04-19 06:39:34,751 [WARNING] TapoAI: [UPatio] Stream unavailable, retrying in 5s...
2026-04-19 06:39:43,072 [WARNING] TapoAI: [UPatio] Stream unavailable, retrying in 5s...
2026-04-19 06:39:51,329 [WARNING] TapoAI: [UPatio] Stream unavailable, retrying in 5s...
2026-04-19 06:39:59,583 [WARNING] TapoAI: [UPatio] Stream unavailable, retrying in 5s...
2026-04-19 06:40:07,793 [WARNING] TapoAI: [UPatio] Stream unavailable, retrying in 5s...
2026-04-19 06:40:16,031 [WARNING] TapoAI: [UPatio] Stream unavailable, retrying in 5s...
2026-04-19 06:40:24,288 [WARNING] TapoAI: [UPatio] Stream unavailable, retrying in 5s...
2026-04-19 06:40:32,544 [WARNING] TapoAI: [UPatio] Stream unavailable, retrying in 5s...
2026-04-19 06:40:40,739 [WARNING] TapoAI: [UPatio] Stream unavailable, retrying in 5s...
2026-04-19 06:40:48,993 [WARNING] TapoAI: [UPatio] Stream unavailable, retrying in 5s...
2026-04-19 06:40:57,249 [WARNING] TapoAI: [UPatio] Stream unavailable, retrying in 5s...
2026-04-19 06:41:05,506 [WARNING] TapoAI: [UPatio] Stream unavailable, retrying in 5s...
2026-04-19 06:41:13,698 [WARNING] TapoAI: [UPatio] Stream unavailable, retrying in 5s...
2026-04-19 06:41:21,888 [WARNING] TapoAI: [UPatio] Stream unavailable, retrying in 5s...
2026-04-19 06:41:30,081 [WARNING] TapoAI: [UPatio] Stream unavailable, retrying in 5s...
2026-04-19 06:41:38,336 [WARNING] TapoAI: [UPatio] Stream unavailable, retrying in 5s...
2026-04-19 06:41:46,594 [WARNING] TapoAI: [UPatio] Stream unavailable, retrying in 5s...
2026-04-19 06:41:54,851 [WARNING] TapoAI: [UPatio] Stream unavailable, retrying in 5s...
2026-04-19 06:42:03,041 [WARNING] TapoAI: [UPatio] Stream unavailable, retrying in 5s...
2026-04-19 06:42:11,296 [WARNING] TapoAI: [UPatio] Stream unavailable, retrying in 5s...
2026-04-19 06:42:19,488 [WARNING] TapoAI: [UPatio] Stream unavailable, retrying in 5s...
2026-04-19 06:42:27,745 [WARNING] TapoAI: [UPatio] Stream unavailable, retrying in 5s...
2026-04-19 06:42:36,003 [WARNING] TapoAI: [UPatio] Stream unavailable, retrying in 5s...
2026-04-19 06:42:44,193 [WARNING] TapoAI: [UPatio] Stream unavailable, retrying in 5s...
2026-04-19 06:42:52,321 [WARNING] TapoAI: [UPatio] Stream unavailable, retrying in 5s...
2026-04-19 06:43:00,514 [WARNING] TapoAI: [UPatio] Stream unavailable, retrying in 5s...
2026-04-19 06:43:08,770 [WARNING] TapoAI: [UPatio] Stream unavailable, retrying in 5s...
2026-04-19 06:43:16,962 [WARNING] TapoAI: [UPatio] Stream unavailable, retrying in 5s...
2026-04-19 06:43:25,152 [WARNING] TapoAI: [UPatio] Stream unavailable, retrying in 5s...
2026-04-19 06:43:33,348 [WARNING] TapoAI: [UPatio] Stream unavailable, retrying in 5s...
2026-04-19 06:43:41,605 [WARNING] TapoAI: [UPatio] Stream unavailable, retrying in 5s...
2026-04-19 06:43:49,857 [WARNING] TapoAI: [UPatio] Stream unavailable, retrying in 5s...
2026-04-19 06:43:58,113 [WARNING] TapoAI: [UPatio] Stream unavailable, retrying in 5s...
2026-04-19 06:44:06,371 [WARNING] TapoAI: [UPatio] Stream unavailable, retrying in 5s...
2026-04-19 06:44:14,627 [WARNING] TapoAI: [UPatio] Stream unavailable, retrying in 5s...
2026-04-19 06:44:21,429 [INFO] TapoAI: [Inside] Saved video ./recordings/Inside_0419-064413.mp4 and updated unified JSON event log
2026-04-19 06:44:22,882 [WARNING] TapoAI: [UPatio] Stream unavailable, retrying in 5s...
2026-04-19 06:44:31,138 [WARNING] TapoAI: [UPatio] Stream unavailable, retrying in 5s...
2026-04-19 06:44:39,394 [WARNING] TapoAI: [UPatio] Stream unavailable, retrying in 5s...
2026-04-19 06:44:47,657 [WARNING] TapoAI: [UPatio] Stream unavailable, retrying in 5s...
2026-04-19 06:44:55,843 [WARNING] TapoAI: [UPatio] Stream unavailable, retrying in 5s...
2026-04-19 06:45:04,099 [WARNING] TapoAI: [UPatio] Stream unavailable, retrying in 5s...
2026-04-19 06:45:12,353 [WARNING] TapoAI: [UPatio] Stream unavailable, retrying in 5s...
2026-04-19 06:45:20,609 [WARNING] TapoAI: [UPatio] Stream unavailable, retrying in 5s...
2026-04-19 06:45:28,801 [WARNING] TapoAI: [UPatio] Stream unavailable, retrying in 5s...
2026-04-19 06:45:37,060 [WARNING] TapoAI: [UPatio] Stream unavailable, retrying in 5s...
2026-04-19 06:45:45,315 [WARNING] TapoAI: [UPatio] Stream unavailable, retrying in 5s...
2026-04-19 06:45:53,571 [WARNING] TapoAI: [UPatio] Stream unavailable, retrying in 5s...
2026-04-19 06:46:01,826 [WARNING] TapoAI: [UPatio] Stream unavailable, retrying in 5s...
2026-04-19 06:46:10,019 [WARNING] TapoAI: [UPatio] Stream unavailable, retrying in 5s...
2026-04-19 06:46:18,274 [WARNING] TapoAI: [UPatio] Stream unavailable, retrying in 5s...
2026-04-19 06:46:26,465 [WARNING] TapoAI: [UPatio] Stream unavailable, retrying in 5s...
2026-04-19 06:46:34,659 [WARNING] TapoAI: [UPatio] Stream unavailable, retrying in 5s...
2026-04-19 06:46:42,919 [WARNING] TapoAI: [UPatio] Stream unavailable, retrying in 5s...
2026-04-19 06:46:51,174 [WARNING] TapoAI: [UPatio] Stream unavailable, retrying in 5s...
2026-04-19 06:46:59,363 [WARNING] TapoAI: [UPatio] Stream unavailable, retrying in 5s...
2026-04-19 06:47:07,556 [WARNING] TapoAI: [UPatio] Stream unavailable, retrying in 5s...
2026-04-19 06:47:15,812 [WARNING] TapoAI: [UPatio] Stream unavailable, retrying in 5s...
2026-04-19 06:47:24,003 [WARNING] TapoAI: [UPatio] Stream unavailable, retrying in 5s...
2026-04-19 06:47:32,197 [WARNING] TapoAI: [UPatio] Stream unavailable, retrying in 5s...
2026-04-19 06:47:40,326 [WARNING] TapoAI: [UPatio] Stream unavailable, retrying in 5s...
2026-04-19 06:47:48,522 [WARNING] TapoAI: [UPatio] Stream unavailable, retrying in 5s...
2026-04-19 06:47:56,771 [WARNING] TapoAI: [UPatio] Stream unavailable, retrying in 5s...
2026-04-19 06:48:05,028 [WARNING] TapoAI: [UPatio] Stream unavailable, retrying in 5s...
2026-04-19 06:48:13,219 [WARNING] TapoAI: [UPatio] Stream unavailable, retrying in 5s...
2026-04-19 06:48:21,475 [WARNING] TapoAI: [UPatio] Stream unavailable, retrying in 5s...
2026-04-19 06:48:29,666 [WARNING] TapoAI: [UPatio] Stream unavailable, retrying in 5s...
2026-04-19 06:48:37,862 [WARNING] TapoAI: [UPatio] Stream unavailable, retrying in 5s...
2026-04-19 06:48:46,115 [WARNING] TapoAI: [UPatio] Stream unavailable, retrying in 5s...
2026-04-19 06:48:54,371 [WARNING] TapoAI: [UPatio] Stream unavailable, retrying in 5s...
2026-04-19 06:49:02,628 [WARNING] TapoAI: [UPatio] Stream unavailable, retrying in 5s...
2026-04-19 06:49:10,821 [WARNING] TapoAI: [UPatio] Stream unavailable, retrying in 5s...
2026-04-19 06:49:18,948 [WARNING] TapoAI: [UPatio] Stream unavailable, retrying in 5s...
2026-04-19 06:49:27,204 [WARNING] TapoAI: [UPatio] Stream unavailable, retrying in 5s...
2026-04-19 06:49:35,461 [WARNING] TapoAI: [UPatio] Stream unavailable, retrying in 5s...
2026-04-19 06:49:43,717 [WARNING] TapoAI: [UPatio] Stream unavailable, retrying in 5s...
2026-04-19 06:49:51,974 [WARNING] TapoAI: [UPatio] Stream unavailable, retrying in 5s...
2026-04-19 06:50:00,279 [WARNING] TapoAI: [UPatio] Stream unavailable, retrying in 5s...
2026-04-19 06:50:08,421 [WARNING] TapoAI: [UPatio] Stream unavailable, retrying in 5s...
2026-04-19 06:50:16,612 [WARNING] TapoAI: [UPatio] Stream unavailable, retrying in 5s...
2026-04-19 06:50:24,869 [WARNING] TapoAI: [UPatio] Stream unavailable, retrying in 5s...
2026-04-19 06:50:33,062 [WARNING] TapoAI: [UPatio] Stream unavailable, retrying in 5s...
2026-04-19 06:50:41,258 [WARNING] TapoAI: [UPatio] Stream unavailable, retrying in 5s...
2026-04-19 06:50:49,573 [WARNING] TapoAI: [UPatio] Stream unavailable, retrying in 5s...
2026-04-19 06:50:57,704 [WARNING] TapoAI: [UPatio] Stream unavailable, retrying in 5s...
2026-04-19 06:51:05,957 [WARNING] TapoAI: [UPatio] Stream unavailable, retrying in 5s...
2026-04-19 06:51:14,213 [WARNING] TapoAI: [UPatio] Stream unavailable, retrying in 5s...
2026-04-19 06:51:22,469 [WARNING] TapoAI: [UPatio] Stream unavailable, retrying in 5s...
2026-04-19 06:51:30,725 [WARNING] TapoAI: [UPatio] Stream unavailable, retrying in 5s...
2026-04-19 06:51:30,745 [INFO] TapoAI: [LPatio] Saved video ./recordings/LPatio_0419-065115.mp4 and updated unified JSON event log
2026-04-19 06:51:38,923 [WARNING] TapoAI: [UPatio] Stream unavailable, retrying in 5s...
2026-04-19 06:51:47,172 [WARNING] TapoAI: [UPatio] Stream unavailable, retrying in 5s...
2026-04-19 06:51:55,302 [WARNING] TapoAI: [UPatio] Stream unavailable, retrying in 5s...
2026-04-19 06:51:55,332 [INFO] TapoAI: [Inside] Saved video ./recordings/Inside_0419-065147.mp4 and updated unified JSON event log
2026-04-19 06:52:03,556 [WARNING] TapoAI: [UPatio] Stream unavailable, retrying in 5s...
2026-04-19 06:52:11,750 [WARNING] TapoAI: [UPatio] Stream unavailable, retrying in 5s...
2026-04-19 06:52:20,007 [WARNING] TapoAI: [UPatio] Stream unavailable, retrying in 5s...
2026-04-19 06:52:28,261 [WARNING] TapoAI: [UPatio] Stream unavailable, retrying in 5s...
2026-04-19 06:52:36,519 [WARNING] TapoAI: [UPatio] Stream unavailable, retrying in 5s...
2026-04-19 06:52:44,709 [WARNING] TapoAI: [UPatio] Stream unavailable, retrying in 5s...
2026-04-19 06:52:52,966 [WARNING] TapoAI: [UPatio] Stream unavailable, retrying in 5s...
2026-04-19 06:53:01,222 [WARNING] TapoAI: [UPatio] Stream unavailable, retrying in 5s...
2026-04-19 06:53:09,479 [WARNING] TapoAI: [UPatio] Stream unavailable, retrying in 5s...
2026-04-19 06:53:14,531 [INFO] TapoAI: [LPatio] Saved video ./recordings/LPatio_0419-065254.mp4 and updated unified JSON event log
2026-04-19 06:53:17,669 [WARNING] TapoAI: [UPatio] Stream unavailable, retrying in 5s...
2026-04-19 06:53:25,924 [WARNING] TapoAI: [UPatio] Stream unavailable, retrying in 5s...
2026-04-19 06:53:34,117 [WARNING] TapoAI: [UPatio] Stream unavailable, retrying in 5s...
2026-04-19 06:53:42,372 [WARNING] TapoAI: [UPatio] Stream unavailable, retrying in 5s...
2026-04-19 06:53:50,632 [WARNING] TapoAI: [UPatio] Stream unavailable, retrying in 5s...
2026-04-19 06:53:58,880 [WARNING] TapoAI: [UPatio] Stream unavailable, retrying in 5s...
2026-04-19 06:54:07,138 [WARNING] TapoAI: [UPatio] Stream unavailable, retrying in 5s...
2026-04-19 06:54:15,264 [WARNING] TapoAI: [UPatio] Stream unavailable, retrying in 5s...
2026-04-19 06:54:23,520 [WARNING] TapoAI: [UPatio] Stream unavailable, retrying in 5s...
2026-04-19 06:54:31,778 [WARNING] TapoAI: [UPatio] Stream unavailable, retrying in 5s...
2026-04-19 06:54:40,034 [WARNING] TapoAI: [UPatio] Stream unavailable, retrying in 5s...
2026-04-19 06:54:48,226 [WARNING] TapoAI: [UPatio] Stream unavailable, retrying in 5s...
2026-04-19 06:54:56,416 [WARNING] TapoAI: [UPatio] Stream unavailable, retrying in 5s...
2026-04-19 06:55:04,673 [WARNING] TapoAI: [UPatio] Stream unavailable, retrying in 5s...
2026-04-19 06:55:12,929 [WARNING] TapoAI: [UPatio] Stream unavailable, retrying in 5s...
2026-04-19 06:55:21,190 [WARNING] TapoAI: [UPatio] Stream unavailable, retrying in 5s...
2026-04-19 06:55:29,444 [WARNING] TapoAI: [UPatio] Stream unavailable, retrying in 5s...
2026-04-19 06:55:37,634 [WARNING] TapoAI: [UPatio] Stream unavailable, retrying in 5s...
2026-04-19 06:55:45,889 [WARNING] TapoAI: [UPatio] Stream unavailable, retrying in 5s...
2026-04-19 06:55:54,144 [WARNING] TapoAI: [UPatio] Stream unavailable, retrying in 5s...
2026-04-19 06:56:02,339 [WARNING] TapoAI: [UPatio] Stream unavailable, retrying in 5s...
2026-04-19 06:56:10,593 [WARNING] TapoAI: [UPatio] Stream unavailable, retrying in 5s...
2026-04-19 06:56:18,849 [WARNING] TapoAI: [UPatio] Stream unavailable, retrying in 5s...
2026-04-19 06:56:27,106 [WARNING] TapoAI: [UPatio] Stream unavailable, retrying in 5s...
2026-04-19 06:56:35,366 [WARNING] TapoAI: [UPatio] Stream unavailable, retrying in 5s...
2026-04-19 06:56:43,617 [WARNING] TapoAI: [UPatio] Stream unavailable, retrying in 5s...
2026-04-19 06:56:51,809 [WARNING] TapoAI: [UPatio] Stream unavailable, retrying in 5s...
2026-04-19 06:57:00,066 [WARNING] TapoAI: [UPatio] Stream unavailable, retrying in 5s...
2026-04-19 06:57:08,199 [WARNING] TapoAI: [UPatio] Stream unavailable, retrying in 5s...
2026-04-19 06:57:16,451 [WARNING] TapoAI: [UPatio] Stream unavailable, retrying in 5s...
2026-04-19 06:57:24,644 [WARNING] TapoAI: [UPatio] Stream unavailable, retrying in 5s...
2026-04-19 06:57:32,902 [WARNING] TapoAI: [UPatio] Stream unavailable, retrying in 5s...
2026-04-19 06:57:41,154 [WARNING] TapoAI: [UPatio] Stream unavailable, retrying in 5s...
2026-04-19 06:57:49,345 [WARNING] TapoAI: [UPatio] Stream unavailable, retrying in 5s...
2026-04-19 06:57:57,602 [WARNING] TapoAI: [UPatio] Stream unavailable, retrying in 5s...
2026-04-19 06:58:05,858 [WARNING] TapoAI: [UPatio] Stream unavailable, retrying in 5s...
2026-04-19 06:58:14,115 [WARNING] TapoAI: [UPatio] Stream unavailable, retrying in 5s...
2026-04-19 06:58:18,855 [INFO] TapoAI: [Inside] Saved video ./recordings/Inside_0419-065810.mp4 and updated unified JSON event log
2026-04-19 06:58:22,370 [WARNING] TapoAI: [UPatio] Stream unavailable, retrying in 5s...
2026-04-19 06:58:30,562 [WARNING] TapoAI: [UPatio] Stream unavailable, retrying in 5s...
2026-04-19 06:58:38,818 [WARNING] TapoAI: [UPatio] Stream unavailable, retrying in 5s...
2026-04-19 06:58:47,074 [WARNING] TapoAI: [UPatio] Stream unavailable, retrying in 5s...
2026-04-19 06:58:55,267 [WARNING] TapoAI: [UPatio] Stream unavailable, retrying in 5s...
2026-04-19 06:58:57,112 [INFO] TapoAI: [Inside] Saved video ./recordings/Inside_0419-065848.mp4 and updated unified JSON event log
2026-04-19 06:59:03,458 [WARNING] TapoAI: [UPatio] Stream unavailable, retrying in 5s...
2026-04-19 06:59:11,713 [WARNING] TapoAI: [UPatio] Stream unavailable, retrying in 5s...
2026-04-19 06:59:19,971 [WARNING] TapoAI: [UPatio] Stream unavailable, retrying in 5s...
2026-04-19 06:59:28,270 [WARNING] TapoAI: [UPatio] Stream unavailable, retrying in 5s...
2026-04-19 06:59:36,482 [WARNING] TapoAI: [UPatio] Stream unavailable, retrying in 5s...
2026-04-19 06:59:44,738 [WARNING] TapoAI: [UPatio] Stream unavailable, retrying in 5s...
2026-04-19 06:59:51,343 [INFO] TapoAI: [Inside] Saved video ./recordings/Inside_0419-065942.mp4 and updated unified JSON event log
2026-04-19 06:59:52,930 [WARNING] TapoAI: [UPatio] Stream unavailable, retrying in 5s...
2026-04-19 07:00:01,138 [WARNING] TapoAI: [UPatio] Stream unavailable, retrying in 5s...
2026-04-19 07:00:09,421 [WARNING] TapoAI: [UPatio] Stream unavailable, retrying in 5s...
2026-04-19 07:00:17,641 [WARNING] TapoAI: [UPatio] Stream unavailable, retrying in 5s...
2026-04-19 07:00:25,762 [WARNING] TapoAI: [UPatio] Stream unavailable, retrying in 5s...
2026-04-19 07:00:33,954 [WARNING] TapoAI: [UPatio] Stream unavailable, retrying in 5s...
2026-04-19 07:00:42,146 [WARNING] TapoAI: [UPatio] Stream unavailable, retrying in 5s...
2026-04-19 07:00:50,402 [WARNING] TapoAI: [UPatio] Stream unavailable, retrying in 5s...
2026-04-19 07:00:58,600 [WARNING] TapoAI: [UPatio] Stream unavailable, retrying in 5s...
2026-04-19 07:01:06,946 [WARNING] TapoAI: [UPatio] Stream unavailable, retrying in 5s...
2026-04-19 07:01:15,171 [WARNING] TapoAI: [UPatio] Stream unavailable, retrying in 5s...
2026-04-19 07:01:23,426 [WARNING] TapoAI: [UPatio] Stream unavailable, retrying in 5s...
2026-04-19 07:01:31,682 [WARNING] TapoAI: [UPatio] Stream unavailable, retrying in 5s...
2026-04-19 07:01:39,939 [WARNING] TapoAI: [UPatio] Stream unavailable, retrying in 5s...
2026-04-19 07:01:48,130 [WARNING] TapoAI: [UPatio] Stream unavailable, retrying in 5s...
2026-04-19 07:01:56,321 [WARNING] TapoAI: [UPatio] Stream unavailable, retrying in 5s...
2026-04-19 07:01:58,942 [INFO] TapoAI: [Inside] Saved video ./recordings/Inside_0419-070145.mp4 and updated unified JSON event log
2026-04-19 07:02:04,578 [WARNING] TapoAI: [UPatio] Stream unavailable, retrying in 5s...
2026-04-19 07:02:12,834 [WARNING] TapoAI: [UPatio] Stream unavailable, retrying in 5s...
2026-04-19 07:02:21,097 [WARNING] TapoAI: [UPatio] Stream unavailable, retrying in 5s...
2026-04-19 07:02:29,345 [WARNING] TapoAI: [UPatio] Stream unavailable, retrying in 5s...
2026-04-19 07:02:37,602 [WARNING] TapoAI: [UPatio] Stream unavailable, retrying in 5s...
2026-04-19 07:02:38,773 [INFO] TapoAI: [Inside] Saved video ./recordings/Inside_0419-070230.mp4 and updated unified JSON event log
2026-04-19 07:02:45,729 [WARNING] TapoAI: [UPatio] Stream unavailable, retrying in 5s...
2026-04-19 07:02:53,922 [WARNING] TapoAI: [UPatio] Stream unavailable, retrying in 5s...
2026-04-19 07:02:57,072 [INFO] TapoAI: [Inside] Saved video ./recordings/Inside_0419-070248.mp4 and updated unified JSON event log
2026-04-19 07:03:02,183 [WARNING] TapoAI: [UPatio] Stream unavailable, retrying in 5s...
2026-04-19 07:03:10,369 [WARNING] TapoAI: [UPatio] Stream unavailable, retrying in 5s...
2026-04-19 07:03:18,627 [WARNING] TapoAI: [UPatio] Stream unavailable, retrying in 5s...
2026-04-19 07:03:26,817 [WARNING] TapoAI: [UPatio] Stream unavailable, retrying in 5s...
2026-04-19 07:03:27,091 [INFO] TapoAI: [Inside] Saved video ./recordings/Inside_0419-070319.mp4 and updated unified JSON event log
2026-04-19 07:03:35,073 [WARNING] TapoAI: [UPatio] Stream unavailable, retrying in 5s...
2026-04-19 07:03:43,329 [WARNING] TapoAI: [UPatio] Stream unavailable, retrying in 5s...
2026-04-19 07:03:48,719 [INFO] TapoAI: [Inside] Saved video ./recordings/Inside_0419-070340.mp4 and updated unified JSON event log
2026-04-19 07:03:51,457 [WARNING] TapoAI: [UPatio] Stream unavailable, retrying in 5s...
2026-04-19 07:03:59,713 [WARNING] TapoAI: [UPatio] Stream unavailable, retrying in 5s...
2026-04-19 07:04:07,909 [WARNING] TapoAI: [UPatio] Stream unavailable, retrying in 5s...
2026-04-19 07:04:16,097 [WARNING] TapoAI: [UPatio] Stream unavailable, retrying in 5s...
2026-04-19 07:04:24,352 [WARNING] TapoAI: [UPatio] Stream unavailable, retrying in 5s...
2026-04-19 07:04:32,545 [WARNING] TapoAI: [UPatio] Stream unavailable, retrying in 5s...
2026-04-19 07:04:40,800 [WARNING] TapoAI: [UPatio] Stream unavailable, retrying in 5s...
2026-04-19 07:04:49,060 [WARNING] TapoAI: [UPatio] Stream unavailable, retrying in 5s...
2026-04-19 07:04:50,833 [INFO] TapoAI: [Inside] Saved video ./recordings/Inside_0419-070442.mp4 and updated unified JSON event log
2026-04-19 07:04:57,315 [WARNING] TapoAI: [UPatio] Stream unavailable, retrying in 5s...
2026-04-19 07:05:01,082 [INFO] TapoAI: [Inside] Saved video ./recordings/Inside_0419-070452.mp4 and updated unified JSON event log
2026-04-19 07:05:05,441 [WARNING] TapoAI: [UPatio] Stream unavailable, retrying in 5s...
2026-04-19 07:05:09,605 [INFO] TapoAI: [Inside] Saved video ./recordings/Inside_0419-070501.mp4 and updated unified JSON event log
2026-04-19 07:05:13,644 [WARNING] TapoAI: [UPatio] Stream unavailable, retrying in 5s...
2026-04-19 07:05:21,889 [WARNING] TapoAI: [UPatio] Stream unavailable, retrying in 5s...
2026-04-19 07:05:30,080 [WARNING] TapoAI: [UPatio] Stream unavailable, retrying in 5s...
2026-04-19 07:05:38,336 [WARNING] TapoAI: [UPatio] Stream unavailable, retrying in 5s...
2026-04-19 07:05:46,461 [INFO] TapoAI: [Inside] Saved video ./recordings/Inside_0419-070538.mp4 and updated unified JSON event log
2026-04-19 07:05:46,463 [WARNING] TapoAI: [UPatio] Stream unavailable, retrying in 5s...
2026-04-19 07:05:54,660 [WARNING] TapoAI: [UPatio] Stream unavailable, retrying in 5s...
2026-04-19 07:06:02,919 [WARNING] TapoAI: [UPatio] Stream unavailable, retrying in 5s...
2026-04-19 07:06:11,105 [WARNING] TapoAI: [UPatio] Stream unavailable, retrying in 5s...
2026-04-19 07:06:19,359 [WARNING] TapoAI: [UPatio] Stream unavailable, retrying in 5s...
2026-04-19 07:06:27,617 [WARNING] TapoAI: [UPatio] Stream unavailable, retrying in 5s...
2026-04-19 07:06:35,871 [WARNING] TapoAI: [UPatio] Stream unavailable, retrying in 5s...
2026-04-19 07:06:44,128 [WARNING] TapoAI: [UPatio] Stream unavailable, retrying in 5s...
2026-04-19 07:06:52,319 [WARNING] TapoAI: [UPatio] Stream unavailable, retrying in 5s...
2026-04-19 07:07:00,510 [WARNING] TapoAI: [UPatio] Stream unavailable, retrying in 5s...
2026-04-19 07:07:08,767 [WARNING] TapoAI: [UPatio] Stream unavailable, retrying in 5s...
2026-04-19 07:07:10,886 [INFO] TapoAI: [Inside] Saved video ./recordings/Inside_0419-070653.mp4 and updated unified JSON event log
2026-04-19 07:07:17,028 [WARNING] TapoAI: [UPatio] Stream unavailable, retrying in 5s...
2026-04-19 07:07:25,151 [WARNING] TapoAI: [UPatio] Stream unavailable, retrying in 5s...
2026-04-19 07:07:33,406 [WARNING] TapoAI: [UPatio] Stream unavailable, retrying in 5s...
2026-04-19 07:07:41,600 [WARNING] TapoAI: [UPatio] Stream unavailable, retrying in 5s...
2026-04-19 07:07:49,854 [WARNING] TapoAI: [UPatio] Stream unavailable, retrying in 5s...
2026-04-19 07:07:58,047 [WARNING] TapoAI: [UPatio] Stream unavailable, retrying in 5s...
2026-04-19 07:08:06,240 [WARNING] TapoAI: [UPatio] Stream unavailable, retrying in 5s...
2026-04-19 07:08:14,498 [WARNING] TapoAI: [UPatio] Stream unavailable, retrying in 5s...
2026-04-19 07:08:22,750 [WARNING] TapoAI: [UPatio] Stream unavailable, retrying in 5s...
2026-04-19 07:08:31,007 [WARNING] TapoAI: [UPatio] Stream unavailable, retrying in 5s...
2026-04-19 07:08:39,135 [WARNING] TapoAI: [UPatio] Stream unavailable, retrying in 5s...
2026-04-19 07:08:47,326 [WARNING] TapoAI: [UPatio] Stream unavailable, retrying in 5s...
2026-04-19 07:08:55,044 [INFO] TapoAI: [Inside] Saved video ./recordings/Inside_0419-070846.mp4 and updated unified JSON event log
2026-04-19 07:08:55,518 [WARNING] TapoAI: [UPatio] Stream unavailable, retrying in 5s...
2026-04-19 07:09:03,646 [WARNING] TapoAI: [UPatio] Stream unavailable, retrying in 5s...
2026-04-19 07:09:05,045 [INFO] TapoAI: [Inside] Saved video ./recordings/Inside_0419-070856.mp4 and updated unified JSON event log
2026-04-19 07:09:11,777 [WARNING] TapoAI: [UPatio] Stream unavailable, retrying in 5s...
2026-04-19 07:09:20,031 [WARNING] TapoAI: [UPatio] Stream unavailable, retrying in 5s...
2026-04-19 07:09:28,223 [WARNING] TapoAI: [UPatio] Stream unavailable, retrying in 5s...
2026-04-19 07:09:36,351 [WARNING] TapoAI: [UPatio] Stream unavailable, retrying in 5s...
2026-04-19 07:09:44,545 [WARNING] TapoAI: [UPatio] Stream unavailable, retrying in 5s...
2026-04-19 07:09:52,798 [WARNING] TapoAI: [UPatio] Stream unavailable, retrying in 5s...
2026-04-19 07:10:01,059 [WARNING] TapoAI: [UPatio] Stream unavailable, retrying in 5s...
2026-04-19 07:10:08,419 [INFO] TapoAI: [Inside] Saved video ./recordings/Inside_0419-070957.mp4 and updated unified JSON event log
2026-04-19 07:10:09,310 [WARNING] TapoAI: [UPatio] Stream unavailable, retrying in 5s...
2026-04-19 07:10:17,567 [WARNING] TapoAI: [UPatio] Stream unavailable, retrying in 5s...
2026-04-19 07:10:23,076 [INFO] TapoAI: [Inside] Saved video ./recordings/Inside_0419-071011.mp4 and updated unified JSON event log
2026-04-19 07:10:25,822 [WARNING] TapoAI: [UPatio] Stream unavailable, retrying in 5s...
2026-04-19 07:10:34,079 [WARNING] TapoAI: [UPatio] Stream unavailable, retrying in 5s...
2026-04-19 07:10:42,333 [WARNING] TapoAI: [UPatio] Stream unavailable, retrying in 5s...
2026-04-19 07:10:50,593 [WARNING] TapoAI: [UPatio] Stream unavailable, retrying in 5s...
2026-04-19 07:10:58,846 [WARNING] TapoAI: [UPatio] Stream unavailable, retrying in 5s...
2026-04-19 07:11:07,102 [WARNING] TapoAI: [UPatio] Stream unavailable, retrying in 5s...
2026-04-19 07:11:15,358 [WARNING] TapoAI: [UPatio] Stream unavailable, retrying in 5s...
2026-04-19 07:11:23,550 [WARNING] TapoAI: [UPatio] Stream unavailable, retrying in 5s...
2026-04-19 07:11:24,643 [INFO] TapoAI: [Inside] Saved video ./recordings/Inside_0419-071116.mp4 and updated unified JSON event log
2026-04-19 07:11:31,807 [WARNING] TapoAI: [UPatio] Stream unavailable, retrying in 5s...
2026-04-19 07:11:39,999 [WARNING] TapoAI: [UPatio] Stream unavailable, retrying in 5s...
2026-04-19 07:11:48,192 [WARNING] TapoAI: [UPatio] Stream unavailable, retrying in 5s...
2026-04-19 07:11:56,450 [WARNING] TapoAI: [UPatio] Stream unavailable, retrying in 5s...
2026-04-19 07:12:00,798 [INFO] TapoAI: [Inside] Saved video ./recordings/Inside_0419-071152.mp4 and updated unified JSON event log
2026-04-19 07:12:04,703 [WARNING] TapoAI: [UPatio] Stream unavailable, retrying in 5s...
2026-04-19 07:12:12,895 [WARNING] TapoAI: [UPatio] Stream unavailable, retrying in 5s...
2026-04-19 07:12:18,353 [INFO] TapoAI: [Inside] Saved video ./recordings/Inside_0419-071210.mp4 and updated unified JSON event log
2026-04-19 07:12:21,151 [WARNING] TapoAI: [UPatio] Stream unavailable, retrying in 5s...
2026-04-19 07:12:29,407 [WARNING] TapoAI: [UPatio] Stream unavailable, retrying in 5s...
2026-04-19 07:12:37,662 [WARNING] TapoAI: [UPatio] Stream unavailable, retrying in 5s...
2026-04-19 07:12:45,918 [WARNING] TapoAI: [UPatio] Stream unavailable, retrying in 5s...
2026-04-19 07:12:54,181 [WARNING] TapoAI: [UPatio] Stream unavailable, retrying in 5s...
2026-04-19 07:13:02,430 [WARNING] TapoAI: [UPatio] Stream unavailable, retrying in 5s...
2026-04-19 07:13:10,621 [WARNING] TapoAI: [UPatio] Stream unavailable, retrying in 5s...
2026-04-19 07:13:11,337 [INFO] TapoAI: [Inside] Saved video ./recordings/Inside_0419-071253.mp4 and updated unified JSON event log
2026-04-19 07:13:18,879 [WARNING] TapoAI: [UPatio] Stream unavailable, retrying in 5s...
2026-04-19 07:13:25,714 [INFO] TapoAI: [Inside] Saved video ./recordings/Inside_0419-071317.mp4 and updated unified JSON event log
2026-04-19 07:13:27,134 [WARNING] TapoAI: [UPatio] Stream unavailable, retrying in 5s...
2026-04-19 07:13:35,389 [WARNING] TapoAI: [UPatio] Stream unavailable, retrying in 5s...
2026-04-19 07:13:43,582 [WARNING] TapoAI: [UPatio] Stream unavailable, retrying in 5s...
2026-04-19 07:13:51,841 [WARNING] TapoAI: [UPatio] Stream unavailable, retrying in 5s...
2026-04-19 07:14:00,095 [WARNING] TapoAI: [UPatio] Stream unavailable, retrying in 5s...
2026-04-19 07:14:08,350 [WARNING] TapoAI: [UPatio] Stream unavailable, retrying in 5s...
2026-04-19 07:14:16,608 [WARNING] TapoAI: [UPatio] Stream unavailable, retrying in 5s...
2026-04-19 07:14:24,800 [WARNING] TapoAI: [UPatio] Stream unavailable, retrying in 5s...
2026-04-19 07:14:33,055 [WARNING] TapoAI: [UPatio] Stream unavailable, retrying in 5s...
2026-04-19 07:14:41,247 [WARNING] TapoAI: [UPatio] Stream unavailable, retrying in 5s...
2026-04-19 07:14:49,507 [WARNING] TapoAI: [UPatio] Stream unavailable, retrying in 5s...
2026-04-19 07:14:57,758 [WARNING] TapoAI: [UPatio] Stream unavailable, retrying in 5s...
2026-04-19 07:15:06,014 [WARNING] TapoAI: [UPatio] Stream unavailable, retrying in 5s...
2026-04-19 07:15:14,206 [WARNING] TapoAI: [UPatio] Stream unavailable, retrying in 5s...
2026-04-19 07:15:20,911 [INFO] TapoAI: [Inside] Saved video ./recordings/Inside_0419-071512.mp4 and updated unified JSON event log
2026-04-19 07:15:22,463 [WARNING] TapoAI: [UPatio] Stream unavailable, retrying in 5s...
2026-04-19 07:15:30,719 [WARNING] TapoAI: [UPatio] Stream unavailable, retrying in 5s...
2026-04-19 07:15:38,913 [WARNING] TapoAI: [UPatio] Stream unavailable, retrying in 5s...
2026-04-19 07:15:47,167 [WARNING] TapoAI: [UPatio] Stream unavailable, retrying in 5s...
2026-04-19 07:15:55,359 [WARNING] TapoAI: [UPatio] Stream unavailable, retrying in 5s...
2026-04-19 07:16:03,615 [WARNING] TapoAI: [UPatio] Stream unavailable, retrying in 5s...
2026-04-19 07:16:11,806 [WARNING] TapoAI: [UPatio] Stream unavailable, retrying in 5s...
2026-04-19 07:16:20,062 [WARNING] TapoAI: [UPatio] Stream unavailable, retrying in 5s...
2026-04-19 07:16:28,319 [WARNING] TapoAI: [UPatio] Stream unavailable, retrying in 5s...
2026-04-19 07:16:36,446 [WARNING] TapoAI: [UPatio] Stream unavailable, retrying in 5s...
2026-04-19 07:16:40,820 [INFO] TapoAI: [Inside] Saved video ./recordings/Inside_0419-071632.mp4 and updated unified JSON event log
2026-04-19 07:16:44,640 [WARNING] TapoAI: [UPatio] Stream unavailable, retrying in 5s...
2026-04-19 07:16:52,895 [WARNING] TapoAI: [UPatio] Stream unavailable, retrying in 5s...
2026-04-19 07:17:01,088 [WARNING] TapoAI: [UPatio] Stream unavailable, retrying in 5s...
2026-04-19 07:17:05,886 [INFO] TapoAI: [Inside] Saved video ./recordings/Inside_0419-071657.mp4 and updated unified JSON event log
2026-04-19 07:17:09,343 [WARNING] TapoAI: [UPatio] Stream unavailable, retrying in 5s...
2026-04-19 07:17:17,535 [WARNING] TapoAI: [UPatio] Stream unavailable, retrying in 5s...
2026-04-19 07:17:25,793 [WARNING] TapoAI: [UPatio] Stream unavailable, retrying in 5s...
2026-04-19 07:17:34,052 [WARNING] TapoAI: [UPatio] Stream unavailable, retrying in 5s...
2026-04-19 07:17:42,303 [WARNING] TapoAI: [UPatio] Stream unavailable, retrying in 5s...
2026-04-19 07:17:50,495 [WARNING] TapoAI: [UPatio] Stream unavailable, retrying in 5s...
2026-04-19 07:17:58,641 [INFO] TapoAI: [Inside] Saved video ./recordings/Inside_0419-071750.mp4 and updated unified JSON event log
2026-04-19 07:17:58,687 [WARNING] TapoAI: [UPatio] Stream unavailable, retrying in 5s...
2026-04-19 07:18:06,817 [WARNING] TapoAI: [UPatio] Stream unavailable, retrying in 5s...
2026-04-19 07:18:15,008 [WARNING] TapoAI: [UPatio] Stream unavailable, retrying in 5s...
2026-04-19 07:18:23,263 [WARNING] TapoAI: [UPatio] Stream unavailable, retrying in 5s...
2026-04-19 07:18:31,520 [WARNING] TapoAI: [UPatio] Stream unavailable, retrying in 5s...
2026-04-19 07:18:39,711 [WARNING] TapoAI: [UPatio] Stream unavailable, retrying in 5s...
2026-04-19 07:18:47,903 [WARNING] TapoAI: [UPatio] Stream unavailable, retrying in 5s...
2026-04-19 07:18:56,160 [WARNING] TapoAI: [UPatio] Stream unavailable, retrying in 5s...
2026-04-19 07:18:59,190 [INFO] TapoAI: [Inside] Saved video ./recordings/Inside_0419-071851.mp4 and updated unified JSON event log
2026-04-19 07:19:04,352 [WARNING] TapoAI: [UPatio] Stream unavailable, retrying in 5s...
2026-04-19 07:19:12,606 [WARNING] TapoAI: [UPatio] Stream unavailable, retrying in 5s...
2026-04-19 07:19:20,863 [WARNING] TapoAI: [UPatio] Stream unavailable, retrying in 5s...
2026-04-19 07:19:29,118 [WARNING] TapoAI: [UPatio] Stream unavailable, retrying in 5s...
2026-04-19 07:19:37,383 [WARNING] TapoAI: [UPatio] Stream unavailable, retrying in 5s...
2026-04-19 07:19:45,632 [WARNING] TapoAI: [UPatio] Stream unavailable, retrying in 5s...
2026-04-19 07:19:53,825 [WARNING] TapoAI: [UPatio] Stream unavailable, retrying in 5s...
2026-04-19 07:20:02,080 [WARNING] TapoAI: [UPatio] Stream unavailable, retrying in 5s...
2026-04-19 07:20:10,336 [WARNING] TapoAI: [UPatio] Stream unavailable, retrying in 5s...
2026-04-19 07:20:18,596 [WARNING] TapoAI: [UPatio] Stream unavailable, retrying in 5s...
2026-04-19 07:20:26,719 [WARNING] TapoAI: [UPatio] Stream unavailable, retrying in 5s...
2026-04-19 07:20:34,847 [WARNING] TapoAI: [UPatio] Stream unavailable, retrying in 5s...
2026-04-19 07:20:43,104 [WARNING] TapoAI: [UPatio] Stream unavailable, retrying in 5s...
2026-04-19 07:20:51,295 [WARNING] TapoAI: [UPatio] Stream unavailable, retrying in 5s...
2026-04-19 07:20:53,705 [INFO] TapoAI: [Inside] Saved video ./recordings/Inside_0419-072044.mp4 and updated unified JSON event log
2026-04-19 07:20:59,552 [WARNING] TapoAI: [UPatio] Stream unavailable, retrying in 5s...
2026-04-19 07:21:07,807 [WARNING] TapoAI: [UPatio] Stream unavailable, retrying in 5s...
2026-04-19 07:21:15,934 [WARNING] TapoAI: [UPatio] Stream unavailable, retrying in 5s...
2026-04-19 07:21:24,192 [WARNING] TapoAI: [UPatio] Stream unavailable, retrying in 5s...
2026-04-19 07:21:32,447 [WARNING] TapoAI: [UPatio] Stream unavailable, retrying in 5s...
2026-04-19 07:21:35,535 [INFO] TapoAI: [Inside] Saved video ./recordings/Inside_0419-072127.mp4 and updated unified JSON event log
2026-04-19 07:21:40,708 [WARNING] TapoAI: [UPatio] Stream unavailable, retrying in 5s...
2026-04-19 07:21:48,959 [WARNING] TapoAI: [UPatio] Stream unavailable, retrying in 5s...
2026-04-19 07:21:55,301 [INFO] TapoAI: [Inside] Saved video ./recordings/Inside_0419-072143.mp4 and updated unified JSON event log
2026-04-19 07:21:57,153 [WARNING] TapoAI: [UPatio] Stream unavailable, retrying in 5s...
2026-04-19 07:22:05,407 [WARNING] TapoAI: [UPatio] Stream unavailable, retrying in 5s...
2026-04-19 07:22:13,663 [WARNING] TapoAI: [UPatio] Stream unavailable, retrying in 5s...
2026-04-19 07:22:15,085 [INFO] TapoAI: [Inside] Saved video ./recordings/Inside_0419-072206.mp4 and updated unified JSON event log
2026-04-19 07:22:21,919 [WARNING] TapoAI: [UPatio] Stream unavailable, retrying in 5s...
2026-04-19 07:22:30,112 [WARNING] TapoAI: [UPatio] Stream unavailable, retrying in 5s...
2026-04-19 07:22:38,306 [WARNING] TapoAI: [UPatio] Stream unavailable, retrying in 5s...
2026-04-19 07:22:46,561 [WARNING] TapoAI: [UPatio] Stream unavailable, retrying in 5s...
2026-04-19 07:22:54,754 [WARNING] TapoAI: [UPatio] Stream unavailable, retrying in 5s...
2026-04-19 07:22:58,851 [INFO] TapoAI: [Inside] Saved video ./recordings/Inside_0419-072250.mp4 and updated unified JSON event log
2026-04-19 07:23:03,008 [WARNING] TapoAI: [UPatio] Stream unavailable, retrying in 5s...
2026-04-19 07:23:11,135 [WARNING] TapoAI: [UPatio] Stream unavailable, retrying in 5s...
2026-04-19 07:23:18,351 [INFO] TapoAI: [Inside] Saved video ./recordings/Inside_0419-072304.mp4 and updated unified JSON event log
2026-04-19 07:23:19,392 [WARNING] TapoAI: [UPatio] Stream unavailable, retrying in 5s...
2026-04-19 07:23:27,648 [WARNING] TapoAI: [UPatio] Stream unavailable, retrying in 5s...
2026-04-19 07:23:35,844 [WARNING] TapoAI: [UPatio] Stream unavailable, retrying in 5s...
2026-04-19 07:23:44,095 [WARNING] TapoAI: [UPatio] Stream unavailable, retrying in 5s...
2026-04-19 07:23:45,423 [INFO] TapoAI: [Inside] Saved video ./recordings/Inside_0419-072332.mp4 and updated unified JSON event log
2026-04-19 07:23:52,379 [WARNING] TapoAI: [UPatio] Stream unavailable, retrying in 5s...
2026-04-19 07:24:00,609 [WARNING] TapoAI: [UPatio] Stream unavailable, retrying in 5s...
2026-04-19 07:24:08,800 [WARNING] TapoAI: [UPatio] Stream unavailable, retrying in 5s...
2026-04-19 07:24:12,448 [INFO] TapoAI: [Inside] Saved video ./recordings/Inside_0419-072404.mp4 and updated unified JSON event log
2026-04-19 07:24:17,186 [WARNING] TapoAI: [UPatio] Stream unavailable, retrying in 5s...
2026-04-19 07:24:25,440 [WARNING] TapoAI: [UPatio] Stream unavailable, retrying in 5s...
2026-04-19 07:24:33,696 [WARNING] TapoAI: [UPatio] Stream unavailable, retrying in 5s...
2026-04-19 07:24:41,952 [WARNING] TapoAI: [UPatio] Stream unavailable, retrying in 5s...
2026-04-19 07:24:50,144 [WARNING] TapoAI: [UPatio] Stream unavailable, retrying in 5s...
2026-04-19 07:24:50,150 [INFO] TapoAI: [Inside] Saved video ./recordings/Inside_0419-072442.mp4 and updated unified JSON event log
2026-04-19 07:24:58,401 [WARNING] TapoAI: [UPatio] Stream unavailable, retrying in 5s...
2026-04-19 07:25:06,593 [WARNING] TapoAI: [UPatio] Stream unavailable, retrying in 5s...
2026-04-19 07:25:14,848 [WARNING] TapoAI: [UPatio] Stream unavailable, retrying in 5s...
2026-04-19 07:25:19,128 [INFO] TapoAI: [Inside] Saved video ./recordings/Inside_0419-072510.mp4 and updated unified JSON event log
2026-04-19 07:25:23,105 [WARNING] TapoAI: [UPatio] Stream unavailable, retrying in 5s...
2026-04-19 07:25:31,361 [WARNING] TapoAI: [UPatio] Stream unavailable, retrying in 5s...
2026-04-19 07:25:39,618 [WARNING] TapoAI: [UPatio] Stream unavailable, retrying in 5s...
2026-04-19 07:25:47,872 [WARNING] TapoAI: [UPatio] Stream unavailable, retrying in 5s...
2026-04-19 07:25:56,129 [WARNING] TapoAI: [UPatio] Stream unavailable, retrying in 5s...
2026-04-19 07:26:04,256 [WARNING] TapoAI: [UPatio] Stream unavailable, retrying in 5s...
2026-04-19 07:26:12,513 [WARNING] TapoAI: [UPatio] Stream unavailable, retrying in 5s...
2026-04-19 07:26:20,169 [INFO] TapoAI: [Inside] Saved video ./recordings/Inside_0419-072612.mp4 and updated unified JSON event log
2026-04-19 07:26:20,706 [WARNING] TapoAI: [UPatio] Stream unavailable, retrying in 5s...
2026-04-19 07:26:28,733 [INFO] TapoAI: [Inside] Saved video ./recordings/Inside_0419-072620.mp4 and updated unified JSON event log
2026-04-19 07:26:28,961 [WARNING] TapoAI: [UPatio] Stream unavailable, retrying in 5s...
2026-04-19 07:26:37,216 [WARNING] TapoAI: [UPatio] Stream unavailable, retrying in 5s...
2026-04-19 07:26:45,409 [WARNING] TapoAI: [UPatio] Stream unavailable, retrying in 5s...
2026-04-19 07:26:51,961 [INFO] TapoAI: [Inside] Saved video ./recordings/Inside_0419-072643.mp4 and updated unified JSON event log
2026-04-19 07:26:53,664 [WARNING] TapoAI: [UPatio] Stream unavailable, retrying in 5s...
2026-04-19 07:27:01,921 [WARNING] TapoAI: [UPatio] Stream unavailable, retrying in 5s...
2026-04-19 07:27:10,115 [WARNING] TapoAI: [UPatio] Stream unavailable, retrying in 5s...
2026-04-19 07:27:18,369 [WARNING] TapoAI: [UPatio] Stream unavailable, retrying in 5s...
2026-04-19 07:27:26,625 [WARNING] TapoAI: [UPatio] Stream unavailable, retrying in 5s...
2026-04-19 07:27:34,817 [WARNING] TapoAI: [UPatio] Stream unavailable, retrying in 5s...
2026-04-19 07:27:40,872 [INFO] TapoAI: [Inside] Saved video ./recordings/Inside_0419-072732.mp4 and updated unified JSON event log
2026-04-19 07:27:43,010 [WARNING] TapoAI: [UPatio] Stream unavailable, retrying in 5s...
2026-04-19 07:27:51,269 [WARNING] TapoAI: [UPatio] Stream unavailable, retrying in 5s...
2026-04-19 07:27:59,459 [WARNING] TapoAI: [UPatio] Stream unavailable, retrying in 5s...
2026-04-19 07:28:07,713 [WARNING] TapoAI: [UPatio] Stream unavailable, retrying in 5s...
2026-04-19 07:28:15,153 [INFO] TapoAI: [Inside] Saved video ./recordings/Inside_0419-072806.mp4 and updated unified JSON event log
2026-04-19 07:28:15,969 [WARNING] TapoAI: [UPatio] Stream unavailable, retrying in 5s...
2026-04-19 07:28:24,225 [WARNING] TapoAI: [UPatio] Stream unavailable, retrying in 5s...
2026-04-19 07:28:32,416 [WARNING] TapoAI: [UPatio] Stream unavailable, retrying in 5s...
2026-04-19 07:28:40,674 [WARNING] TapoAI: [UPatio] Stream unavailable, retrying in 5s...
2026-04-19 07:28:48,866 [WARNING] TapoAI: [UPatio] Stream unavailable, retrying in 5s...
2026-04-19 07:28:55,272 [INFO] TapoAI: [Inside] Saved video ./recordings/Inside_0419-072842.mp4 and updated unified JSON event log
2026-04-19 07:28:57,122 [WARNING] TapoAI: [UPatio] Stream unavailable, retrying in 5s...
2026-04-19 07:29:05,314 [WARNING] TapoAI: [UPatio] Stream unavailable, retrying in 5s...
2026-04-19 07:29:12,887 [INFO] TapoAI: [Inside] Saved video ./recordings/Inside_0419-072904.mp4 and updated unified JSON event log
2026-04-19 07:29:13,503 [WARNING] TapoAI: [UPatio] Stream unavailable, retrying in 5s...
2026-04-19 07:29:21,678 [WARNING] TapoAI: [UPatio] Stream unavailable, retrying in 5s...
2026-04-19 07:29:29,861 [WARNING] TapoAI: [UPatio] Stream unavailable, retrying in 5s...
2026-04-19 07:29:38,049 [WARNING] TapoAI: [UPatio] Stream unavailable, retrying in 5s...
2026-04-19 07:29:46,303 [WARNING] TapoAI: [UPatio] Stream unavailable, retrying in 5s...
2026-04-19 07:29:54,557 [WARNING] TapoAI: [UPatio] Stream unavailable, retrying in 5s...
2026-04-19 07:29:57,616 [INFO] TapoAI: [Inside] Saved video ./recordings/Inside_0419-072949.mp4 and updated unified JSON event log
2026-04-19 07:30:02,811 [WARNING] TapoAI: [UPatio] Stream unavailable, retrying in 5s...
2026-04-19 07:30:11,072 [WARNING] TapoAI: [UPatio] Stream unavailable, retrying in 5s...
2026-04-19 07:30:19,259 [WARNING] TapoAI: [UPatio] Stream unavailable, retrying in 5s...
2026-04-19 07:30:27,515 [WARNING] TapoAI: [UPatio] Stream unavailable, retrying in 5s...
2026-04-19 07:30:35,770 [WARNING] TapoAI: [UPatio] Stream unavailable, retrying in 5s...
2026-04-19 07:30:40,426 [INFO] TapoAI: [Inside] Saved video ./recordings/Inside_0419-073032.mp4 and updated unified JSON event log
2026-04-19 07:30:43,962 [WARNING] TapoAI: [UPatio] Stream unavailable, retrying in 5s...
2026-04-19 07:30:52,154 [WARNING] TapoAI: [UPatio] Stream unavailable, retrying in 5s...
2026-04-19 07:31:00,410 [WARNING] TapoAI: [UPatio] Stream unavailable, retrying in 5s...
2026-04-19 07:31:08,666 [WARNING] TapoAI: [UPatio] Stream unavailable, retrying in 5s...
2026-04-19 07:31:13,692 [INFO] TapoAI: [Inside] Saved video ./recordings/Inside_0419-073105.mp4 and updated unified JSON event log
2026-04-19 07:31:16,922 [WARNING] TapoAI: [UPatio] Stream unavailable, retrying in 5s...
2026-04-19 07:31:25,178 [WARNING] TapoAI: [UPatio] Stream unavailable, retrying in 5s...
2026-04-19 07:31:28,391 [INFO] TapoAI: [Inside] Saved video ./recordings/Inside_0419-073120.mp4 and updated unified JSON event log
2026-04-19 07:31:33,370 [WARNING] TapoAI: [UPatio] Stream unavailable, retrying in 5s...
2026-04-19 07:31:41,500 [WARNING] TapoAI: [UPatio] Stream unavailable, retrying in 5s...
2026-04-19 07:31:49,690 [WARNING] TapoAI: [UPatio] Stream unavailable, retrying in 5s...
2026-04-19 07:31:57,885 [WARNING] TapoAI: [UPatio] Stream unavailable, retrying in 5s...
2026-04-19 07:32:06,139 [WARNING] TapoAI: [UPatio] Stream unavailable, retrying in 5s...
2026-04-19 07:32:14,267 [WARNING] TapoAI: [UPatio] Stream unavailable, retrying in 5s...
2026-04-19 07:32:18,523 [INFO] TapoAI: [Inside] Saved video ./recordings/Inside_0419-073210.mp4 and updated unified JSON event log
2026-04-19 07:32:22,459 [WARNING] TapoAI: [UPatio] Stream unavailable, retrying in 5s...
2026-04-19 07:32:30,651 [WARNING] TapoAI: [UPatio] Stream unavailable, retrying in 5s...
2026-04-19 07:32:38,910 [WARNING] TapoAI: [UPatio] Stream unavailable, retrying in 5s...
2026-04-19 07:32:47,162 [WARNING] TapoAI: [UPatio] Stream unavailable, retrying in 5s...
2026-04-19 07:32:50,523 [INFO] TapoAI: [Inside] Saved video ./recordings/Inside_0419-073242.mp4 and updated unified JSON event log
2026-04-19 07:32:55,427 [WARNING] TapoAI: [UPatio] Stream unavailable, retrying in 5s...
2026-04-19 07:33:03,674 [WARNING] TapoAI: [UPatio] Stream unavailable, retrying in 5s...
2026-04-19 07:33:10,324 [INFO] TapoAI: [Inside] Saved video ./recordings/Inside_0419-073300.mp4 and updated unified JSON event log
2026-04-19 07:33:11,869 [WARNING] TapoAI: [UPatio] Stream unavailable, retrying in 5s...
2026-04-19 07:33:20,125 [WARNING] TapoAI: [UPatio] Stream unavailable, retrying in 5s...
2026-04-19 07:33:28,378 [WARNING] TapoAI: [UPatio] Stream unavailable, retrying in 5s...
2026-04-19 07:33:36,577 [WARNING] TapoAI: [UPatio] Stream unavailable, retrying in 5s...
2026-04-19 07:33:44,762 [WARNING] TapoAI: [UPatio] Stream unavailable, retrying in 5s...
2026-04-19 07:33:53,019 [WARNING] TapoAI: [UPatio] Stream unavailable, retrying in 5s...
2026-04-19 07:34:01,209 [WARNING] TapoAI: [UPatio] Stream unavailable, retrying in 5s...
2026-04-19 07:34:05,555 [INFO] TapoAI: [Inside] Saved video ./recordings/Inside_0419-073357.mp4 and updated unified JSON event log
2026-04-19 07:34:09,465 [WARNING] TapoAI: [UPatio] Stream unavailable, retrying in 5s...
2026-04-19 07:34:17,725 [WARNING] TapoAI: [UPatio] Stream unavailable, retrying in 5s...
2026-04-19 07:34:18,496 [INFO] TapoAI: [Inside] Saved video ./recordings/Inside_0419-073410.mp4 and updated unified JSON event log
2026-04-19 07:34:25,850 [WARNING] TapoAI: [UPatio] Stream unavailable, retrying in 5s...
2026-04-19 07:34:28,815 [INFO] TapoAI: [Inside] Saved video ./recordings/Inside_0419-073420.mp4 and updated unified JSON event log
2026-04-19 07:34:34,106 [WARNING] TapoAI: [UPatio] Stream unavailable, retrying in 5s...
2026-04-19 07:34:42,300 [WARNING] TapoAI: [UPatio] Stream unavailable, retrying in 5s...
2026-04-19 07:34:50,555 [WARNING] TapoAI: [UPatio] Stream unavailable, retrying in 5s...
2026-04-19 07:34:58,685 [WARNING] TapoAI: [UPatio] Stream unavailable, retrying in 5s...
2026-04-19 07:35:01,727 [INFO] TapoAI: [Inside] Saved video ./recordings/Inside_0419-073453.mp4 and updated unified JSON event log
2026-04-19 07:35:06,941 [WARNING] TapoAI: [UPatio] Stream unavailable, retrying in 5s...
2026-04-19 07:35:15,198 [WARNING] TapoAI: [UPatio] Stream unavailable, retrying in 5s...
2026-04-19 07:35:23,457 [WARNING] TapoAI: [UPatio] Stream unavailable, retrying in 5s...
2026-04-19 07:35:25,538 [INFO] TapoAI: [Inside] Saved video ./recordings/Inside_0419-073516.mp4 and updated unified JSON event log
2026-04-19 07:35:31,648 [WARNING] TapoAI: [UPatio] Stream unavailable, retrying in 5s...
2026-04-19 07:35:39,841 [WARNING] TapoAI: [UPatio] Stream unavailable, retrying in 5s...
2026-04-19 07:35:42,245 [INFO] TapoAI: [Inside] Saved video ./recordings/Inside_0419-073534.mp4 and updated unified JSON event log
2026-04-19 07:35:48,034 [WARNING] TapoAI: [UPatio] Stream unavailable, retrying in 5s...
2026-04-19 07:35:56,226 [WARNING] TapoAI: [UPatio] Stream unavailable, retrying in 5s...
2026-04-19 07:36:04,357 [WARNING] TapoAI: [UPatio] Stream unavailable, retrying in 5s...
2026-04-19 07:36:05,300 [INFO] TapoAI: [Inside] Saved video ./recordings/Inside_0419-073549.mp4 and updated unified JSON event log
2026-04-19 07:36:12,551 [WARNING] TapoAI: [UPatio] Stream unavailable, retrying in 5s...
2026-04-19 07:36:20,805 [WARNING] TapoAI: [UPatio] Stream unavailable, retrying in 5s...
2026-04-19 07:36:29,001 [WARNING] TapoAI: [UPatio] Stream unavailable, retrying in 5s...
2026-04-19 07:36:37,263 [WARNING] TapoAI: [UPatio] Stream unavailable, retrying in 5s...
2026-04-19 07:36:45,512 [WARNING] TapoAI: [UPatio] Stream unavailable, retrying in 5s...
2026-04-19 07:36:45,924 [INFO] TapoAI: [Inside] Saved video ./recordings/Inside_0419-073636.mp4 and updated unified JSON event log
2026-04-19 07:36:53,771 [WARNING] TapoAI: [UPatio] Stream unavailable, retrying in 5s...
2026-04-19 07:36:56,969 [INFO] TapoAI: [Inside] Saved video ./recordings/Inside_0419-073648.mp4 and updated unified JSON event log
2026-04-19 07:37:02,026 [WARNING] TapoAI: [UPatio] Stream unavailable, retrying in 5s...
2026-04-19 07:37:10,219 [WARNING] TapoAI: [UPatio] Stream unavailable, retrying in 5s...
2026-04-19 07:37:16,308 [INFO] TapoAI: [Inside] Saved video ./recordings/Inside_0419-073701.mp4 and updated unified JSON event log
2026-04-19 07:37:18,347 [WARNING] TapoAI: [UPatio] Stream unavailable, retrying in 5s...
2026-04-19 07:37:26,605 [WARNING] TapoAI: [UPatio] Stream unavailable, retrying in 5s...
2026-04-19 07:37:34,861 [WARNING] TapoAI: [UPatio] Stream unavailable, retrying in 5s...
2026-04-19 07:37:43,055 [WARNING] TapoAI: [UPatio] Stream unavailable, retrying in 5s...
2026-04-19 07:37:51,312 [WARNING] TapoAI: [UPatio] Stream unavailable, retrying in 5s...
2026-04-19 07:37:59,567 [WARNING] TapoAI: [UPatio] Stream unavailable, retrying in 5s...
2026-04-19 07:38:06,094 [INFO] TapoAI: [Inside] Saved video ./recordings/Inside_0419-073740.mp4 and updated unified JSON event log
2026-04-19 07:38:07,697 [WARNING] TapoAI: [UPatio] Stream unavailable, retrying in 5s...
2026-04-19 07:38:15,889 [WARNING] TapoAI: [UPatio] Stream unavailable, retrying in 5s...
2026-04-19 07:38:22,907 [INFO] TapoAI: [Inside] Saved video ./recordings/Inside_0419-073814.mp4 and updated unified JSON event log
2026-04-19 07:38:24,083 [WARNING] TapoAI: [UPatio] Stream unavailable, retrying in 5s...
2026-04-19 07:38:32,339 [WARNING] TapoAI: [UPatio] Stream unavailable, retrying in 5s...
2026-04-19 07:38:40,467 [WARNING] TapoAI: [UPatio] Stream unavailable, retrying in 5s...
2026-04-19 07:38:48,418 [INFO] TapoAI: [Inside] Saved video ./recordings/Inside_0419-073840.mp4 and updated unified JSON event log
2026-04-19 07:38:48,724 [WARNING] TapoAI: [UPatio] Stream unavailable, retrying in 5s...
2026-04-19 07:38:56,920 [WARNING] TapoAI: [UPatio] Stream unavailable, retrying in 5s...
2026-04-19 07:39:05,110 [WARNING] TapoAI: [UPatio] Stream unavailable, retrying in 5s...
2026-04-19 07:39:11,753 [INFO] TapoAI: [Inside] Saved video ./recordings/Inside_0419-073903.mp4 and updated unified JSON event log
2026-04-19 07:39:13,302 [WARNING] TapoAI: [UPatio] Stream unavailable, retrying in 5s...
2026-04-19 07:39:21,497 [WARNING] TapoAI: [UPatio] Stream unavailable, retrying in 5s...
2026-04-19 07:39:29,751 [WARNING] TapoAI: [UPatio] Stream unavailable, retrying in 5s...
2026-04-19 07:39:38,010 [WARNING] TapoAI: [UPatio] Stream unavailable, retrying in 5s...
2026-04-19 07:39:46,264 [WARNING] TapoAI: [UPatio] Stream unavailable, retrying in 5s...
2026-04-19 07:39:54,530 [WARNING] TapoAI: [UPatio] Stream unavailable, retrying in 5s...
2026-04-19 07:39:55,144 [INFO] TapoAI: [Inside] Saved video ./recordings/Inside_0419-073936.mp4 and updated unified JSON event log
2026-04-19 07:40:02,788 [WARNING] TapoAI: [UPatio] Stream unavailable, retrying in 5s...
2026-04-19 07:40:11,035 [WARNING] TapoAI: [UPatio] Stream unavailable, retrying in 5s...
2026-04-19 07:40:12,514 [INFO] TapoAI: [Inside] Saved video ./recordings/Inside_0419-073958.mp4 and updated unified JSON event log
2026-04-19 07:40:19,291 [WARNING] TapoAI: [UPatio] Stream unavailable, retrying in 5s...
2026-04-19 07:40:21,266 [INFO] TapoAI: [Inside] Saved video ./recordings/Inside_0419-074013.mp4 and updated unified JSON event log
2026-04-19 07:40:27,547 [WARNING] TapoAI: [UPatio] Stream unavailable, retrying in 5s...
2026-04-19 07:40:30,776 [INFO] TapoAI: [Inside] Saved video ./recordings/Inside_0419-074022.mp4 and updated unified JSON event log
2026-04-19 07:40:35,740 [WARNING] TapoAI: [UPatio] Stream unavailable, retrying in 5s...
2026-04-19 07:40:43,933 [WARNING] TapoAI: [UPatio] Stream unavailable, retrying in 5s...
2026-04-19 07:40:52,127 [WARNING] TapoAI: [UPatio] Stream unavailable, retrying in 5s...
2026-04-19 07:41:00,319 [WARNING] TapoAI: [UPatio] Stream unavailable, retrying in 5s...
2026-04-19 07:41:02,622 [INFO] TapoAI: [Inside] Saved video ./recordings/Inside_0419-074054.mp4 and updated unified JSON event log
2026-04-19 07:41:08,511 [WARNING] TapoAI: [UPatio] Stream unavailable, retrying in 5s...
2026-04-19 07:41:16,710 [WARNING] TapoAI: [UPatio] Stream unavailable, retrying in 5s...
2026-04-19 07:41:24,961 [WARNING] TapoAI: [UPatio] Stream unavailable, retrying in 5s...
2026-04-19 07:41:33,221 [WARNING] TapoAI: [UPatio] Stream unavailable, retrying in 5s...
2026-04-19 07:41:39,211 [INFO] TapoAI: [Inside] Saved video ./recordings/Inside_0419-074104.mp4 and updated unified JSON event log
2026-04-19 07:41:41,409 [WARNING] TapoAI: [UPatio] Stream unavailable, retrying in 5s...
2026-04-19 07:41:49,664 [WARNING] TapoAI: [UPatio] Stream unavailable, retrying in 5s...
2026-04-19 07:41:57,795 [WARNING] TapoAI: [UPatio] Stream unavailable, retrying in 5s...
2026-04-19 07:41:58,944 [INFO] TapoAI: [Inside] Saved video ./recordings/Inside_0419-074139.mp4 and updated unified JSON event log
2026-04-19 07:42:05,987 [WARNING] TapoAI: [UPatio] Stream unavailable, retrying in 5s...
2026-04-19 07:42:14,243 [WARNING] TapoAI: [UPatio] Stream unavailable, retrying in 5s...
2026-04-19 07:42:22,501 [WARNING] TapoAI: [UPatio] Stream unavailable, retrying in 5s...
2026-04-19 07:42:30,692 [WARNING] TapoAI: [UPatio] Stream unavailable, retrying in 5s...
2026-04-19 07:42:35,431 [INFO] TapoAI: [Inside] Saved video ./recordings/Inside_0419-074227.mp4 and updated unified JSON event log
2026-04-19 07:42:38,884 [WARNING] TapoAI: [UPatio] Stream unavailable, retrying in 5s...
2026-04-19 07:42:47,077 [WARNING] TapoAI: [UPatio] Stream unavailable, retrying in 5s...
2026-04-19 07:42:55,270 [WARNING] TapoAI: [UPatio] Stream unavailable, retrying in 5s...
2026-04-19 07:43:03,526 [WARNING] TapoAI: [UPatio] Stream unavailable, retrying in 5s...
2026-04-19 07:43:11,912 [WARNING] TapoAI: [UPatio] Stream unavailable, retrying in 5s...
2026-04-19 07:43:15,666 [INFO] TapoAI: [Inside] Saved video ./recordings/Inside_0419-074302.mp4 and updated unified JSON event log
2026-04-19 07:43:20,168 [WARNING] TapoAI: [UPatio] Stream unavailable, retrying in 5s...
2026-04-19 07:43:28,359 [WARNING] TapoAI: [UPatio] Stream unavailable, retrying in 5s...
2026-04-19 07:43:36,551 [WARNING] TapoAI: [UPatio] Stream unavailable, retrying in 5s...
2026-04-19 07:43:44,809 [WARNING] TapoAI: [UPatio] Stream unavailable, retrying in 5s...
2026-04-19 07:43:53,005 [WARNING] TapoAI: [UPatio] Stream unavailable, retrying in 5s...
2026-04-19 07:44:01,258 [WARNING] TapoAI: [UPatio] Stream unavailable, retrying in 5s...
2026-04-19 07:44:01,287 [INFO] TapoAI: [Inside] Saved video ./recordings/Inside_0419-074353.mp4 and updated unified JSON event log
2026-04-19 07:44:09,513 [WARNING] TapoAI: [UPatio] Stream unavailable, retrying in 5s...
2026-04-19 07:44:17,770 [WARNING] TapoAI: [UPatio] Stream unavailable, retrying in 5s...
2026-04-19 07:44:25,898 [WARNING] TapoAI: [UPatio] Stream unavailable, retrying in 5s...
2026-04-19 07:44:31,490 [INFO] TapoAI: [Inside] Saved video ./recordings/Inside_0419-074423.mp4 and updated unified JSON event log
2026-04-19 07:44:34,156 [WARNING] TapoAI: [UPatio] Stream unavailable, retrying in 5s...
2026-04-19 07:44:42,347 [WARNING] TapoAI: [UPatio] Stream unavailable, retrying in 5s...
2026-04-19 07:44:50,476 [WARNING] TapoAI: [UPatio] Stream unavailable, retrying in 5s...
2026-04-19 07:44:50,901 [INFO] TapoAI: [Inside] Saved video ./recordings/Inside_0419-074437.mp4 and updated unified JSON event log
2026-04-19 07:44:58,668 [WARNING] TapoAI: [UPatio] Stream unavailable, retrying in 5s...
2026-04-19 07:45:06,860 [WARNING] TapoAI: [UPatio] Stream unavailable, retrying in 5s...
2026-04-19 07:45:15,055 [WARNING] TapoAI: [UPatio] Stream unavailable, retrying in 5s...
2026-04-19 07:45:23,316 [WARNING] TapoAI: [UPatio] Stream unavailable, retrying in 5s...
2026-04-19 07:45:31,508 [WARNING] TapoAI: [UPatio] Stream unavailable, retrying in 5s...
2026-04-19 07:45:39,764 [WARNING] TapoAI: [UPatio] Stream unavailable, retrying in 5s...
2026-04-19 07:45:48,023 [WARNING] TapoAI: [UPatio] Stream unavailable, retrying in 5s...
2026-04-19 07:45:56,216 [WARNING] TapoAI: [UPatio] Stream unavailable, retrying in 5s...
2026-04-19 07:45:58,541 [INFO] TapoAI: [Inside] Saved video ./recordings/Inside_0419-074547.mp4 and updated unified JSON event log
2026-04-19 07:46:04,406 [WARNING] TapoAI: [UPatio] Stream unavailable, retrying in 5s...
2026-04-19 07:46:12,664 [WARNING] TapoAI: [UPatio] Stream unavailable, retrying in 5s...
2026-04-19 07:46:20,919 [WARNING] TapoAI: [UPatio] Stream unavailable, retrying in 5s...
2026-04-19 07:46:29,049 [WARNING] TapoAI: [UPatio] Stream unavailable, retrying in 5s...
2026-04-19 07:46:35,187 [INFO] TapoAI: [Inside] Saved video ./recordings/Inside_0419-074621.mp4 and updated unified JSON event log
2026-04-19 07:46:37,305 [WARNING] TapoAI: [UPatio] Stream unavailable, retrying in 5s...
2026-04-19 07:46:45,562 [WARNING] TapoAI: [UPatio] Stream unavailable, retrying in 5s...
2026-04-19 07:46:53,818 [WARNING] TapoAI: [UPatio] Stream unavailable, retrying in 5s...
2026-04-19 07:47:02,075 [WARNING] TapoAI: [UPatio] Stream unavailable, retrying in 5s...
2026-04-19 07:47:10,268 [WARNING] TapoAI: [UPatio] Stream unavailable, retrying in 5s...
2026-04-19 07:47:18,524 [WARNING] TapoAI: [UPatio] Stream unavailable, retrying in 5s...
2026-04-19 07:47:24,363 [INFO] TapoAI: [LPatio] Saved video ./recordings/LPatio_0419-074716.mp4 and updated unified JSON event log
2026-04-19 07:47:26,779 [WARNING] TapoAI: [UPatio] Stream unavailable, retrying in 5s...
2026-04-19 07:47:30,615 [INFO] TapoAI: [Inside] Saved video ./recordings/Inside_0419-074719.mp4 and updated unified JSON event log
2026-04-19 07:47:35,036 [WARNING] TapoAI: [UPatio] Stream unavailable, retrying in 5s...
2026-04-19 07:47:43,293 [WARNING] TapoAI: [UPatio] Stream unavailable, retrying in 5s...
2026-04-19 07:47:51,485 [WARNING] TapoAI: [UPatio] Stream unavailable, retrying in 5s...
2026-04-19 07:47:54,922 [INFO] TapoAI: [Inside] Saved video ./recordings/Inside_0419-074746.mp4 and updated unified JSON event log
2026-04-19 07:47:59,741 [WARNING] TapoAI: [UPatio] Stream unavailable, retrying in 5s...
2026-04-19 07:48:07,997 [WARNING] TapoAI: [UPatio] Stream unavailable, retrying in 5s...
2026-04-19 07:48:16,191 [WARNING] TapoAI: [UPatio] Stream unavailable, retrying in 5s...
2026-04-19 07:48:24,447 [WARNING] TapoAI: [UPatio] Stream unavailable, retrying in 5s...
2026-04-19 07:48:25,102 [INFO] TapoAI: [Inside] Saved video ./recordings/Inside_0419-074817.mp4 and updated unified JSON event log
2026-04-19 07:48:32,575 [WARNING] TapoAI: [UPatio] Stream unavailable, retrying in 5s...
2026-04-19 07:48:40,766 [WARNING] TapoAI: [UPatio] Stream unavailable, retrying in 5s...
2026-04-19 07:48:48,958 [WARNING] TapoAI: [UPatio] Stream unavailable, retrying in 5s...
2026-04-19 07:48:57,215 [WARNING] TapoAI: [UPatio] Stream unavailable, retrying in 5s...
2026-04-19 07:49:05,471 [WARNING] TapoAI: [UPatio] Stream unavailable, retrying in 5s...
2026-04-19 07:49:13,727 [WARNING] TapoAI: [UPatio] Stream unavailable, retrying in 5s...
2026-04-19 07:49:21,924 [WARNING] TapoAI: [UPatio] Stream unavailable, retrying in 5s...
2026-04-19 07:49:29,675 [INFO] TapoAI: [Inside] Saved video ./recordings/Inside_0419-074921.mp4 and updated unified JSON event log
2026-04-19 07:49:30,183 [WARNING] TapoAI: [UPatio] Stream unavailable, retrying in 5s...
2026-04-19 07:49:38,368 [WARNING] TapoAI: [UPatio] Stream unavailable, retrying in 5s...
2026-04-19 07:49:46,625 [WARNING] TapoAI: [UPatio] Stream unavailable, retrying in 5s...
2026-04-19 07:49:54,884 [WARNING] TapoAI: [UPatio] Stream unavailable, retrying in 5s...
2026-04-19 07:49:58,547 [INFO] TapoAI: [Inside] Saved video ./recordings/Inside_0419-074941.mp4 and updated unified JSON event log
2026-04-19 07:50:03,112 [WARNING] TapoAI: [UPatio] Stream unavailable, retrying in 5s...
2026-04-19 07:50:11,330 [WARNING] TapoAI: [UPatio] Stream unavailable, retrying in 5s...
2026-04-19 07:50:19,586 [WARNING] TapoAI: [UPatio] Stream unavailable, retrying in 5s...
2026-04-19 07:50:27,844 [WARNING] TapoAI: [UPatio] Stream unavailable, retrying in 5s...
2026-04-19 07:50:36,036 [WARNING] TapoAI: [UPatio] Stream unavailable, retrying in 5s...
2026-04-19 07:50:39,627 [INFO] TapoAI: [Inside] Saved video ./recordings/Inside_0419-075031.mp4 and updated unified JSON event log
2026-04-19 07:50:44,227 [WARNING] TapoAI: [UPatio] Stream unavailable, retrying in 5s...
2026-04-19 07:50:52,484 [WARNING] TapoAI: [UPatio] Stream unavailable, retrying in 5s...
2026-04-19 07:50:58,452 [INFO] TapoAI: [Inside] Saved video ./recordings/Inside_0419-075050.mp4 and updated unified JSON event log
2026-04-19 07:51:00,742 [WARNING] TapoAI: [UPatio] Stream unavailable, retrying in 5s...
2026-04-19 07:51:08,995 [WARNING] TapoAI: [UPatio] Stream unavailable, retrying in 5s...
2026-04-19 07:51:09,128 [INFO] TapoAI: [Inside] Saved video ./recordings/Inside_0419-075100.mp4 and updated unified JSON event log
2026-04-19 07:51:17,190 [WARNING] TapoAI: [UPatio] Stream unavailable, retrying in 5s...
2026-04-19 07:51:25,382 [WARNING] TapoAI: [UPatio] Stream unavailable, retrying in 5s...
2026-04-19 07:51:33,640 [WARNING] TapoAI: [UPatio] Stream unavailable, retrying in 5s...
2026-04-19 07:51:41,829 [WARNING] TapoAI: [UPatio] Stream unavailable, retrying in 5s...
2026-04-19 07:51:50,022 [WARNING] TapoAI: [UPatio] Stream unavailable, retrying in 5s...
2026-04-19 07:51:58,278 [WARNING] TapoAI: [UPatio] Stream unavailable, retrying in 5s...
2026-04-19 07:52:06,470 [WARNING] TapoAI: [UPatio] Stream unavailable, retrying in 5s...
2026-04-19 07:52:08,825 [INFO] TapoAI: [Inside] Saved video ./recordings/Inside_0419-075200.mp4 and updated unified JSON event log
2026-04-19 07:52:14,664 [WARNING] TapoAI: [UPatio] Stream unavailable, retrying in 5s...
2026-04-19 07:52:22,921 [WARNING] TapoAI: [UPatio] Stream unavailable, retrying in 5s...
2026-04-19 07:52:31,176 [WARNING] TapoAI: [UPatio] Stream unavailable, retrying in 5s...
2026-04-19 07:52:39,431 [WARNING] TapoAI: [UPatio] Stream unavailable, retrying in 5s...
2026-04-19 07:52:47,624 [WARNING] TapoAI: [UPatio] Stream unavailable, retrying in 5s...
2026-04-19 07:52:55,818 [WARNING] TapoAI: [UPatio] Stream unavailable, retrying in 5s...
2026-04-19 07:52:58,426 [INFO] TapoAI: [Inside] Saved video ./recordings/Inside_0419-075249.mp4 and updated unified JSON event log
2026-04-19 07:53:04,072 [WARNING] TapoAI: [UPatio] Stream unavailable, retrying in 5s...
2026-04-19 07:53:12,274 [WARNING] TapoAI: [UPatio] Stream unavailable, retrying in 5s...
2026-04-19 07:53:20,521 [WARNING] TapoAI: [UPatio] Stream unavailable, retrying in 5s...
2026-04-19 07:53:28,778 [WARNING] TapoAI: [UPatio] Stream unavailable, retrying in 5s...
2026-04-19 07:53:37,035 [WARNING] TapoAI: [UPatio] Stream unavailable, retrying in 5s...
2026-04-19 07:53:45,290 [WARNING] TapoAI: [UPatio] Stream unavailable, retrying in 5s...
2026-04-19 07:53:53,549 [WARNING] TapoAI: [UPatio] Stream unavailable, retrying in 5s...
2026-04-19 07:53:56,978 [INFO] TapoAI: [Inside] Saved video ./recordings/Inside_0419-075348.mp4 and updated unified JSON event log
2026-04-19 07:54:01,802 [WARNING] TapoAI: [UPatio] Stream unavailable, retrying in 5s...
2026-04-19 07:54:10,059 [WARNING] TapoAI: [UPatio] Stream unavailable, retrying in 5s...
2026-04-19 07:54:18,252 [WARNING] TapoAI: [UPatio] Stream unavailable, retrying in 5s...
2026-04-19 07:54:26,443 [WARNING] TapoAI: [UPatio] Stream unavailable, retrying in 5s...
2026-04-19 07:54:34,698 [WARNING] TapoAI: [UPatio] Stream unavailable, retrying in 5s...
2026-04-19 07:54:42,956 [WARNING] TapoAI: [UPatio] Stream unavailable, retrying in 5s...
2026-04-19 07:54:51,147 [WARNING] TapoAI: [UPatio] Stream unavailable, retrying in 5s...
2026-04-19 07:54:59,404 [WARNING] TapoAI: [UPatio] Stream unavailable, retrying in 5s...
2026-04-19 07:55:07,662 [WARNING] TapoAI: [UPatio] Stream unavailable, retrying in 5s...
2026-04-19 07:55:15,919 [WARNING] TapoAI: [UPatio] Stream unavailable, retrying in 5s...
2026-04-19 07:55:24,173 [WARNING] TapoAI: [UPatio] Stream unavailable, retrying in 5s...
2026-04-19 07:55:32,443 [WARNING] TapoAI: [UPatio] Stream unavailable, retrying in 5s...
2026-04-19 07:55:40,685 [WARNING] TapoAI: [UPatio] Stream unavailable, retrying in 5s...
2026-04-19 07:55:48,879 [WARNING] TapoAI: [UPatio] Stream unavailable, retrying in 5s...
2026-04-19 07:55:57,069 [WARNING] TapoAI: [UPatio] Stream unavailable, retrying in 5s...
2026-04-19 07:56:05,325 [WARNING] TapoAI: [UPatio] Stream unavailable, retrying in 5s...
2026-04-19 07:56:13,521 [WARNING] TapoAI: [UPatio] Stream unavailable, retrying in 5s...
2026-04-19 07:56:21,648 [WARNING] TapoAI: [UPatio] Stream unavailable, retrying in 5s...
2026-04-19 07:56:29,774 [WARNING] TapoAI: [UPatio] Stream unavailable, retrying in 5s...
2026-04-19 07:56:38,032 [WARNING] TapoAI: [UPatio] Stream unavailable, retrying in 5s...
2026-04-19 07:56:46,222 [WARNING] TapoAI: [UPatio] Stream unavailable, retrying in 5s...
2026-04-19 07:56:54,480 [WARNING] TapoAI: [UPatio] Stream unavailable, retrying in 5s...
2026-04-19 07:56:59,550 [INFO] TapoAI: [Inside] Saved video ./recordings/Inside_0419-075651.mp4 and updated unified JSON event log
2026-04-19 07:57:02,671 [WARNING] TapoAI: [UPatio] Stream unavailable, retrying in 5s...
2026-04-19 07:57:10,625 [INFO] TapoAI: [Inside] Saved video ./recordings/Inside_0419-075702.mp4 and updated unified JSON event log
2026-04-19 07:57:10,927 [WARNING] TapoAI: [UPatio] Stream unavailable, retrying in 5s...
2026-04-19 07:57:19,122 [WARNING] TapoAI: [UPatio] Stream unavailable, retrying in 5s...
2026-04-19 07:57:27,314 [WARNING] TapoAI: [UPatio] Stream unavailable, retrying in 5s...
2026-04-19 07:57:35,505 [WARNING] TapoAI: [UPatio] Stream unavailable, retrying in 5s...
2026-04-19 07:57:43,760 [WARNING] TapoAI: [UPatio] Stream unavailable, retrying in 5s...
2026-04-19 07:57:51,956 [WARNING] TapoAI: [UPatio] Stream unavailable, retrying in 5s...
2026-04-19 07:57:52,821 [INFO] TapoAI: [Inside] Saved video ./recordings/Inside_0419-075743.mp4 and updated unified JSON event log
2026-04-19 07:58:00,081 [WARNING] TapoAI: [UPatio] Stream unavailable, retrying in 5s...
2026-04-19 07:58:08,215 [WARNING] TapoAI: [UPatio] Stream unavailable, retrying in 5s...
2026-04-19 07:58:16,401 [WARNING] TapoAI: [UPatio] Stream unavailable, retrying in 5s...
2026-04-19 07:58:24,657 [WARNING] TapoAI: [UPatio] Stream unavailable, retrying in 5s...
2026-04-19 07:58:28,210 [INFO] TapoAI: [Inside] Saved video ./recordings/Inside_0419-075819.mp4 and updated unified JSON event log
2026-04-19 07:58:32,851 [WARNING] TapoAI: [UPatio] Stream unavailable, retrying in 5s...
2026-04-19 07:58:41,043 [WARNING] TapoAI: [UPatio] Stream unavailable, retrying in 5s...
2026-04-19 07:58:41,323 [INFO] TapoAI: [Inside] Saved video ./recordings/Inside_0419-075833.mp4 and updated unified JSON event log
2026-04-19 07:58:49,234 [WARNING] TapoAI: [UPatio] Stream unavailable, retrying in 5s...
2026-04-19 07:58:57,490 [WARNING] TapoAI: [UPatio] Stream unavailable, retrying in 5s...
2026-04-19 07:58:59,586 [INFO] TapoAI: [Inside] Saved video ./recordings/Inside_0419-075846.mp4 and updated unified JSON event log
2026-04-19 07:59:05,748 [WARNING] TapoAI: [UPatio] Stream unavailable, retrying in 5s...
2026-04-19 07:59:08,488 [INFO] TapoAI: [Inside] Saved video ./recordings/Inside_0419-075900.mp4 and updated unified JSON event log
2026-04-19 07:59:13,875 [WARNING] TapoAI: [UPatio] Stream unavailable, retrying in 5s...
2026-04-19 07:59:20,709 [INFO] TapoAI: [Inside] Saved video ./recordings/Inside_0419-075911.mp4 and updated unified JSON event log
2026-04-19 07:59:22,132 [WARNING] TapoAI: [UPatio] Stream unavailable, retrying in 5s...
2026-04-19 07:59:30,387 [WARNING] TapoAI: [UPatio] Stream unavailable, retrying in 5s...
2026-04-19 07:59:36,614 [INFO] TapoAI: [Inside] Saved video ./recordings/Inside_0419-075928.mp4 and updated unified JSON event log
2026-04-19 07:59:38,644 [WARNING] TapoAI: [UPatio] Stream unavailable, retrying in 5s...
2026-04-19 07:59:46,836 [WARNING] TapoAI: [UPatio] Stream unavailable, retrying in 5s...
2026-04-19 07:59:55,028 [WARNING] TapoAI: [UPatio] Stream unavailable, retrying in 5s...
2026-04-19 08:00:01,800 [INFO] TapoAI: [Inside] Saved video ./recordings/Inside_0419-075940.mp4 and updated unified JSON event log
2026-04-19 08:00:03,285 [WARNING] TapoAI: [UPatio] Stream unavailable, retrying in 5s...
2026-04-19 08:00:11,413 [WARNING] TapoAI: [UPatio] Stream unavailable, retrying in 5s...
2026-04-19 08:00:15,738 [INFO] TapoAI: [Inside] Saved video ./recordings/Inside_0419-080007.mp4 and updated unified JSON event log
2026-04-19 08:00:19,604 [WARNING] TapoAI: [UPatio] Stream unavailable, retrying in 5s...
2026-04-19 08:00:27,797 [WARNING] TapoAI: [UPatio] Stream unavailable, retrying in 5s...
2026-04-19 08:00:36,054 [WARNING] TapoAI: [UPatio] Stream unavailable, retrying in 5s...
2026-04-19 08:00:44,309 [WARNING] TapoAI: [UPatio] Stream unavailable, retrying in 5s...
2026-04-19 08:00:52,566 [WARNING] TapoAI: [UPatio] Stream unavailable, retrying in 5s...
2026-04-19 08:00:52,844 [INFO] TapoAI: [Inside] Saved video ./recordings/Inside_0419-080043.mp4 and updated unified JSON event log
2026-04-19 08:01:00,760 [WARNING] TapoAI: [UPatio] Stream unavailable, retrying in 5s...
2026-04-19 08:01:08,950 [WARNING] TapoAI: [UPatio] Stream unavailable, retrying in 5s...
2026-04-19 08:01:17,205 [WARNING] TapoAI: [UPatio] Stream unavailable, retrying in 5s...
2026-04-19 08:01:25,465 [WARNING] TapoAI: [UPatio] Stream unavailable, retrying in 5s...
2026-04-19 08:01:33,719 [WARNING] TapoAI: [UPatio] Stream unavailable, retrying in 5s...
2026-04-19 08:01:41,977 [WARNING] TapoAI: [UPatio] Stream unavailable, retrying in 5s...
2026-04-19 08:01:50,169 [WARNING] TapoAI: [UPatio] Stream unavailable, retrying in 5s...
2026-04-19 08:01:58,358 [WARNING] TapoAI: [UPatio] Stream unavailable, retrying in 5s...
2026-04-19 08:01:58,995 [INFO] TapoAI: [Inside] Saved video ./recordings/Inside_0419-080142.mp4 and updated unified JSON event log
2026-04-19 08:02:06,552 [WARNING] TapoAI: [UPatio] Stream unavailable, retrying in 5s...
2026-04-19 08:02:14,809 [WARNING] TapoAI: [UPatio] Stream unavailable, retrying in 5s...
2026-04-19 08:02:18,452 [INFO] TapoAI: [Inside] Saved video ./recordings/Inside_0419-080201.mp4 and updated unified JSON event log
2026-04-19 08:02:23,000 [WARNING] TapoAI: [UPatio] Stream unavailable, retrying in 5s...
2026-04-19 08:02:31,192 [WARNING] TapoAI: [UPatio] Stream unavailable, retrying in 5s...
2026-04-19 08:02:39,451 [WARNING] TapoAI: [UPatio] Stream unavailable, retrying in 5s...
2026-04-19 08:02:47,640 [WARNING] TapoAI: [UPatio] Stream unavailable, retrying in 5s...
2026-04-19 08:02:54,395 [INFO] TapoAI: [Inside] Saved video ./recordings/Inside_0419-080243.mp4 and updated unified JSON event log
2026-04-19 08:02:55,896 [WARNING] TapoAI: [UPatio] Stream unavailable, retrying in 5s...
2026-04-19 08:03:04,153 [WARNING] TapoAI: [UPatio] Stream unavailable, retrying in 5s...
2026-04-19 08:03:12,411 [WARNING] TapoAI: [UPatio] Stream unavailable, retrying in 5s...
2026-04-19 08:03:20,666 [WARNING] TapoAI: [UPatio] Stream unavailable, retrying in 5s...
2026-04-19 08:03:21,798 [INFO] TapoAI: [Inside] Saved video ./recordings/Inside_0419-080305.mp4 and updated unified JSON event log
2026-04-19 08:03:28,923 [WARNING] TapoAI: [UPatio] Stream unavailable, retrying in 5s...
2026-04-19 08:03:37,179 [WARNING] TapoAI: [UPatio] Stream unavailable, retrying in 5s...
2026-04-19 08:03:45,372 [WARNING] TapoAI: [UPatio] Stream unavailable, retrying in 5s...
2026-04-19 08:03:53,627 [WARNING] TapoAI: [UPatio] Stream unavailable, retrying in 5s...
2026-04-19 08:04:01,822 [WARNING] TapoAI: [UPatio] Stream unavailable, retrying in 5s...
2026-04-19 08:04:10,077 [WARNING] TapoAI: [UPatio] Stream unavailable, retrying in 5s...
2026-04-19 08:04:13,857 [INFO] TapoAI: [Inside] Saved video ./recordings/Inside_0419-080405.mp4 and updated unified JSON event log
2026-04-19 08:04:18,269 [WARNING] TapoAI: [UPatio] Stream unavailable, retrying in 5s...
2026-04-19 08:04:26,463 [WARNING] TapoAI: [UPatio] Stream unavailable, retrying in 5s...
2026-04-19 08:04:34,719 [WARNING] TapoAI: [UPatio] Stream unavailable, retrying in 5s...
2026-04-19 08:04:42,977 [WARNING] TapoAI: [UPatio] Stream unavailable, retrying in 5s...
2026-04-19 08:04:51,168 [WARNING] TapoAI: [UPatio] Stream unavailable, retrying in 5s...
2026-04-19 08:04:59,423 [WARNING] TapoAI: [UPatio] Stream unavailable, retrying in 5s...
2026-04-19 08:05:01,362 [INFO] TapoAI: [Inside] Saved video ./recordings/Inside_0419-080440.mp4 and updated unified JSON event log
2026-04-19 08:05:07,616 [WARNING] TapoAI: [UPatio] Stream unavailable, retrying in 5s...
2026-04-19 08:05:15,807 [WARNING] TapoAI: [UPatio] Stream unavailable, retrying in 5s...
2026-04-19 08:05:24,000 [WARNING] TapoAI: [UPatio] Stream unavailable, retrying in 5s...
2026-04-19 08:05:32,258 [WARNING] TapoAI: [UPatio] Stream unavailable, retrying in 5s...
2026-04-19 08:05:35,375 [INFO] TapoAI: [Inside] Saved video ./recordings/Inside_0419-080527.mp4 and updated unified JSON event log
2026-04-19 08:05:40,451 [WARNING] TapoAI: [UPatio] Stream unavailable, retrying in 5s...
2026-04-19 08:05:48,705 [WARNING] TapoAI: [UPatio] Stream unavailable, retrying in 5s...
2026-04-19 08:05:49,968 [INFO] TapoAI: [Inside] Saved video ./recordings/Inside_0419-080541.mp4 and updated unified JSON event log
2026-04-19 08:05:56,961 [WARNING] TapoAI: [UPatio] Stream unavailable, retrying in 5s...
2026-04-19 08:05:59,460 [INFO] TapoAI: [Inside] Saved video ./recordings/Inside_0419-080551.mp4 and updated unified JSON event log
2026-04-19 08:06:05,216 [WARNING] TapoAI: [UPatio] Stream unavailable, retrying in 5s...
2026-04-19 08:06:08,406 [INFO] TapoAI: [Inside] Saved video ./recordings/Inside_0419-080600.mp4 and updated unified JSON event log
2026-04-19 08:06:13,411 [WARNING] TapoAI: [UPatio] Stream unavailable, retrying in 5s...
2026-04-19 08:06:18,843 [INFO] TapoAI: [Inside] Saved video ./recordings/Inside_0419-080610.mp4 and updated unified JSON event log
2026-04-19 08:06:21,664 [WARNING] TapoAI: [UPatio] Stream unavailable, retrying in 5s...
2026-04-19 08:06:29,859 [WARNING] TapoAI: [UPatio] Stream unavailable, retrying in 5s...
2026-04-19 08:06:31,727 [INFO] TapoAI: [Inside] Saved video ./recordings/Inside_0419-080623.mp4 and updated unified JSON event log
2026-04-19 08:06:38,115 [WARNING] TapoAI: [UPatio] Stream unavailable, retrying in 5s...
2026-04-19 08:06:46,306 [WARNING] TapoAI: [UPatio] Stream unavailable, retrying in 5s...
2026-04-19 08:06:54,561 [WARNING] TapoAI: [UPatio] Stream unavailable, retrying in 5s...
2026-04-19 08:06:56,997 [INFO] TapoAI: [Inside] Saved video ./recordings/Inside_0419-080632.mp4 and updated unified JSON event log
2026-04-19 08:07:02,817 [WARNING] TapoAI: [UPatio] Stream unavailable, retrying in 5s...
2026-04-19 08:07:11,010 [WARNING] TapoAI: [UPatio] Stream unavailable, retrying in 5s...
2026-04-19 08:07:11,070 [INFO] TapoAI: [Inside] Saved video ./recordings/Inside_0419-080703.mp4 and updated unified JSON event log
2026-04-19 08:07:19,266 [WARNING] TapoAI: [UPatio] Stream unavailable, retrying in 5s...
2026-04-19 08:07:27,523 [WARNING] TapoAI: [UPatio] Stream unavailable, retrying in 5s...
2026-04-19 08:07:35,787 [WARNING] TapoAI: [UPatio] Stream unavailable, retrying in 5s...
2026-04-19 08:07:43,912 [WARNING] TapoAI: [UPatio] Stream unavailable, retrying in 5s...
2026-04-19 08:07:52,163 [WARNING] TapoAI: [UPatio] Stream unavailable, retrying in 5s...
2026-04-19 08:08:00,357 [WARNING] TapoAI: [UPatio] Stream unavailable, retrying in 5s...
2026-04-19 08:08:01,281 [INFO] TapoAI: [Inside] Saved video ./recordings/Inside_0419-080740.mp4 and updated unified JSON event log
2026-04-19 08:08:08,614 [WARNING] TapoAI: [UPatio] Stream unavailable, retrying in 5s...
2026-04-19 08:08:16,805 [WARNING] TapoAI: [UPatio] Stream unavailable, retrying in 5s...
2026-04-19 08:08:20,933 [INFO] TapoAI: [Inside] Saved video ./recordings/Inside_0419-080812.mp4 and updated unified JSON event log
2026-04-19 08:08:25,061 [WARNING] TapoAI: [UPatio] Stream unavailable, retrying in 5s...
2026-04-19 08:08:33,320 [WARNING] TapoAI: [UPatio] Stream unavailable, retrying in 5s...
2026-04-19 08:08:35,346 [INFO] TapoAI: [Inside] Saved video ./recordings/Inside_0419-080821.mp4 and updated unified JSON event log
2026-04-19 08:08:41,522 [WARNING] TapoAI: [UPatio] Stream unavailable, retrying in 5s...
2026-04-19 08:08:49,637 [WARNING] TapoAI: [UPatio] Stream unavailable, retrying in 5s...
2026-04-19 08:08:57,892 [WARNING] TapoAI: [UPatio] Stream unavailable, retrying in 5s...
2026-04-19 08:08:58,479 [INFO] TapoAI: [Inside] Saved video ./recordings/Inside_0419-080847.mp4 and updated unified JSON event log
2026-04-19 08:09:06,149 [WARNING] TapoAI: [UPatio] Stream unavailable, retrying in 5s...
2026-04-19 08:09:14,342 [WARNING] TapoAI: [UPatio] Stream unavailable, retrying in 5s...
2026-04-19 08:09:15,933 [INFO] TapoAI: [Inside] Saved video ./recordings/Inside_0419-080907.mp4 and updated unified JSON event log
2026-04-19 08:09:22,470 [WARNING] TapoAI: [UPatio] Stream unavailable, retrying in 5s...
2026-04-19 08:09:30,727 [WARNING] TapoAI: [UPatio] Stream unavailable, retrying in 5s...
2026-04-19 08:09:31,459 [INFO] TapoAI: [Inside] Saved video ./recordings/Inside_0419-080923.mp4 and updated unified JSON event log
2026-04-19 08:09:38,991 [WARNING] TapoAI: [UPatio] Stream unavailable, retrying in 5s...
2026-04-19 08:09:47,176 [WARNING] TapoAI: [UPatio] Stream unavailable, retrying in 5s...
2026-04-19 08:09:53,881 [INFO] TapoAI: [Inside] Saved video ./recordings/Inside_0419-080940.mp4 and updated unified JSON event log
2026-04-19 08:09:55,366 [WARNING] TapoAI: [UPatio] Stream unavailable, retrying in 5s...
2026-04-19 08:10:03,623 [WARNING] TapoAI: [UPatio] Stream unavailable, retrying in 5s...
2026-04-19 08:10:11,884 [WARNING] TapoAI: [UPatio] Stream unavailable, retrying in 5s...
2026-04-19 08:10:20,134 [WARNING] TapoAI: [UPatio] Stream unavailable, retrying in 5s...
2026-04-19 08:10:28,327 [WARNING] TapoAI: [UPatio] Stream unavailable, retrying in 5s...
2026-04-19 08:10:28,890 [INFO] TapoAI: [Inside] Saved video ./recordings/Inside_0419-081017.mp4 and updated unified JSON event log
2026-04-19 08:10:36,591 [WARNING] TapoAI: [UPatio] Stream unavailable, retrying in 5s...
2026-04-19 08:10:44,714 [WARNING] TapoAI: [UPatio] Stream unavailable, retrying in 5s...
2026-04-19 08:10:52,906 [WARNING] TapoAI: [UPatio] Stream unavailable, retrying in 5s...
2026-04-19 08:10:54,931 [INFO] TapoAI: [LPatio] Saved video ./recordings/LPatio_0419-081039.mp4 and updated unified JSON event log
2026-04-19 08:11:01,096 [WARNING] TapoAI: [UPatio] Stream unavailable, retrying in 5s...
2026-04-19 08:11:07,416 [INFO] TapoAI: [Inside] Saved video ./recordings/Inside_0419-081059.mp4 and updated unified JSON event log
2026-04-19 08:11:09,353 [WARNING] TapoAI: [UPatio] Stream unavailable, retrying in 5s...
2026-04-19 08:11:17,480 [WARNING] TapoAI: [UPatio] Stream unavailable, retrying in 5s...
2026-04-19 08:11:25,736 [WARNING] TapoAI: [UPatio] Stream unavailable, retrying in 5s...
2026-04-19 08:11:33,928 [WARNING] TapoAI: [UPatio] Stream unavailable, retrying in 5s...
2026-04-19 08:11:38,716 [INFO] TapoAI: [Inside] Saved video ./recordings/Inside_0419-081122.mp4 and updated unified JSON event log
2026-04-19 08:11:42,122 [WARNING] TapoAI: [UPatio] Stream unavailable, retrying in 5s...
2026-04-19 08:11:50,382 [WARNING] TapoAI: [UPatio] Stream unavailable, retrying in 5s...
2026-04-19 08:11:58,634 [WARNING] TapoAI: [UPatio] Stream unavailable, retrying in 5s...
2026-04-19 08:12:00,356 [INFO] TapoAI: [Inside] Saved video ./recordings/Inside_0419-081141.mp4 and updated unified JSON event log
2026-04-19 08:12:06,825 [WARNING] TapoAI: [UPatio] Stream unavailable, retrying in 5s...
2026-04-19 08:12:14,959 [WARNING] TapoAI: [UPatio] Stream unavailable, retrying in 5s...
2026-04-19 08:12:19,250 [INFO] TapoAI: [Inside] Saved video ./recordings/Inside_0419-081203.mp4 and updated unified JSON event log
2026-04-19 08:12:23,146 [WARNING] TapoAI: [UPatio] Stream unavailable, retrying in 5s...
2026-04-19 08:12:31,337 [WARNING] TapoAI: [UPatio] Stream unavailable, retrying in 5s...
2026-04-19 08:12:37,551 [INFO] TapoAI: [Inside] Saved video ./recordings/Inside_0419-081228.mp4 and updated unified JSON event log
2026-04-19 08:12:39,530 [WARNING] TapoAI: [UPatio] Stream unavailable, retrying in 5s...
2026-04-19 08:12:47,786 [WARNING] TapoAI: [UPatio] Stream unavailable, retrying in 5s...
2026-04-19 08:12:56,045 [WARNING] TapoAI: [UPatio] Stream unavailable, retrying in 5s...
2026-04-19 08:12:57,045 [INFO] TapoAI: [Inside] Saved video ./recordings/Inside_0419-081248.mp4 and updated unified JSON event log
2026-04-19 08:13:04,299 [WARNING] TapoAI: [UPatio] Stream unavailable, retrying in 5s...
2026-04-19 08:13:12,555 [WARNING] TapoAI: [UPatio] Stream unavailable, retrying in 5s...
2026-04-19 08:13:12,631 [INFO] TapoAI: [Inside] Saved video ./recordings/Inside_0419-081304.mp4 and updated unified JSON event log
2026-04-19 08:13:20,750 [WARNING] TapoAI: [UPatio] Stream unavailable, retrying in 5s...
2026-04-19 08:13:28,942 [WARNING] TapoAI: [UPatio] Stream unavailable, retrying in 5s...
2026-04-19 08:13:30,614 [INFO] TapoAI: [Inside] Saved video ./recordings/Inside_0419-081320.mp4 and updated unified JSON event log
2026-04-19 08:13:37,196 [WARNING] TapoAI: [UPatio] Stream unavailable, retrying in 5s...
2026-04-19 08:13:45,389 [WARNING] TapoAI: [UPatio] Stream unavailable, retrying in 5s...
2026-04-19 08:13:53,645 [WARNING] TapoAI: [UPatio] Stream unavailable, retrying in 5s...
2026-04-19 08:13:58,938 [INFO] TapoAI: [Inside] Saved video ./recordings/Inside_0419-081332.mp4 and updated unified JSON event log
2026-04-19 08:14:01,836 [WARNING] TapoAI: [UPatio] Stream unavailable, retrying in 5s...
2026-04-19 08:14:10,092 [WARNING] TapoAI: [UPatio] Stream unavailable, retrying in 5s...
2026-04-19 08:14:18,286 [WARNING] TapoAI: [UPatio] Stream unavailable, retrying in 5s...
2026-04-19 08:14:23,328 [INFO] TapoAI: [Inside] Saved video ./recordings/Inside_0419-081359.mp4 and updated unified JSON event log
2026-04-19 08:14:26,540 [WARNING] TapoAI: [UPatio] Stream unavailable, retrying in 5s...
2026-04-19 08:14:34,735 [WARNING] TapoAI: [UPatio] Stream unavailable, retrying in 5s...
2026-04-19 08:14:42,931 [WARNING] TapoAI: [UPatio] Stream unavailable, retrying in 5s...
2026-04-19 08:14:51,184 [WARNING] TapoAI: [UPatio] Stream unavailable, retrying in 5s...
2026-04-19 08:14:59,315 [WARNING] TapoAI: [UPatio] Stream unavailable, retrying in 5s...
2026-04-19 08:15:06,054 [INFO] TapoAI: [Inside] Saved video ./recordings/Inside_0419-081440.mp4 and updated unified JSON event log
2026-04-19 08:15:07,448 [WARNING] TapoAI: [UPatio] Stream unavailable, retrying in 5s...
2026-04-19 08:15:15,629 [WARNING] TapoAI: [UPatio] Stream unavailable, retrying in 5s...
2026-04-19 08:15:23,823 [WARNING] TapoAI: [UPatio] Stream unavailable, retrying in 5s...
2026-04-19 08:15:32,079 [WARNING] TapoAI: [UPatio] Stream unavailable, retrying in 5s...
2026-04-19 08:15:39,150 [INFO] TapoAI: [Inside] Saved video ./recordings/Inside_0419-081530.mp4 and updated unified JSON event log
2026-04-19 08:15:40,335 [WARNING] TapoAI: [UPatio] Stream unavailable, retrying in 5s...
2026-04-19 08:15:48,527 [WARNING] TapoAI: [UPatio] Stream unavailable, retrying in 5s...
2026-04-19 08:15:56,722 [WARNING] TapoAI: [UPatio] Stream unavailable, retrying in 5s...
2026-04-19 08:16:04,976 [WARNING] TapoAI: [UPatio] Stream unavailable, retrying in 5s...
2026-04-19 08:16:06,212 [INFO] TapoAI: [Inside] Saved video ./recordings/Inside_0419-081557.mp4 and updated unified JSON event log
2026-04-19 08:16:13,167 [WARNING] TapoAI: [UPatio] Stream unavailable, retrying in 5s...
2026-04-19 08:16:21,423 [WARNING] TapoAI: [UPatio] Stream unavailable, retrying in 5s...
2026-04-19 08:16:29,680 [WARNING] TapoAI: [UPatio] Stream unavailable, retrying in 5s...
2026-04-19 08:16:37,872 [WARNING] TapoAI: [UPatio] Stream unavailable, retrying in 5s...
2026-04-19 08:16:46,063 [WARNING] TapoAI: [UPatio] Stream unavailable, retrying in 5s...
2026-04-19 08:16:54,319 [WARNING] TapoAI: [UPatio] Stream unavailable, retrying in 5s...
2026-04-19 08:17:00,681 [INFO] TapoAI: [Inside] Saved video ./recordings/Inside_0419-081652.mp4 and updated unified JSON event log
2026-04-19 08:17:02,511 [WARNING] TapoAI: [UPatio] Stream unavailable, retrying in 5s...
2026-04-19 08:17:10,719 [WARNING] TapoAI: [UPatio] Stream unavailable, retrying in 5s...
2026-04-19 08:17:18,896 [WARNING] TapoAI: [UPatio] Stream unavailable, retrying in 5s...
2026-04-19 08:17:21,278 [INFO] TapoAI: [Inside] Saved video ./recordings/Inside_0419-081710.mp4 and updated unified JSON event log
2026-04-19 08:17:27,154 [WARNING] TapoAI: [UPatio] Stream unavailable, retrying in 5s...
2026-04-19 08:17:35,409 [WARNING] TapoAI: [UPatio] Stream unavailable, retrying in 5s...
2026-04-19 08:17:40,695 [INFO] TapoAI: [Inside] Saved video ./recordings/Inside_0419-081732.mp4 and updated unified JSON event log
2026-04-19 08:17:43,603 [WARNING] TapoAI: [UPatio] Stream unavailable, retrying in 5s...
2026-04-19 08:17:51,793 [WARNING] TapoAI: [UPatio] Stream unavailable, retrying in 5s...
2026-04-19 08:17:59,060 [INFO] TapoAI: [Inside] Saved video ./recordings/Inside_0419-081750.mp4 and updated unified JSON event log
2026-04-19 08:17:59,984 [WARNING] TapoAI: [UPatio] Stream unavailable, retrying in 5s...
2026-04-19 08:18:08,241 [WARNING] TapoAI: [UPatio] Stream unavailable, retrying in 5s...
2026-04-19 08:18:16,433 [WARNING] TapoAI: [UPatio] Stream unavailable, retrying in 5s...
2026-04-19 08:18:24,628 [WARNING] TapoAI: [UPatio] Stream unavailable, retrying in 5s...
2026-04-19 08:18:32,817 [WARNING] TapoAI: [UPatio] Stream unavailable, retrying in 5s...
2026-04-19 08:18:41,011 [WARNING] TapoAI: [UPatio] Stream unavailable, retrying in 5s...
2026-04-19 08:18:41,851 [INFO] TapoAI: [Inside] Saved video ./recordings/Inside_0419-081833.mp4 and updated unified JSON event log
2026-04-19 08:18:49,203 [WARNING] TapoAI: [UPatio] Stream unavailable, retrying in 5s...
2026-04-19 08:18:57,461 [WARNING] TapoAI: [UPatio] Stream unavailable, retrying in 5s...
2026-04-19 08:19:05,715 [WARNING] TapoAI: [UPatio] Stream unavailable, retrying in 5s...
2026-04-19 08:19:06,414 [INFO] TapoAI: [Inside] Saved video ./recordings/Inside_0419-081858.mp4 and updated unified JSON event log
2026-04-19 08:19:13,907 [WARNING] TapoAI: [UPatio] Stream unavailable, retrying in 5s...
2026-04-19 08:19:22,098 [WARNING] TapoAI: [UPatio] Stream unavailable, retrying in 5s...
2026-04-19 08:19:30,355 [WARNING] TapoAI: [UPatio] Stream unavailable, retrying in 5s...
2026-04-19 08:19:38,547 [WARNING] TapoAI: [UPatio] Stream unavailable, retrying in 5s...
2026-04-19 08:19:46,739 [WARNING] TapoAI: [UPatio] Stream unavailable, retrying in 5s...
2026-04-19 08:19:54,996 [WARNING] TapoAI: [UPatio] Stream unavailable, retrying in 5s...
2026-04-19 08:19:55,638 [INFO] TapoAI: [Inside] Saved video ./recordings/Inside_0419-081938.mp4 and updated unified JSON event log
2026-04-19 08:20:03,190 [WARNING] TapoAI: [UPatio] Stream unavailable, retrying in 5s...
2026-04-19 08:20:11,444 [WARNING] TapoAI: [UPatio] Stream unavailable, retrying in 5s...
2026-04-19 08:20:17,352 [INFO] TapoAI: [Inside] Saved video ./recordings/Inside_0419-082009.mp4 and updated unified JSON event log
2026-04-19 08:20:19,640 [WARNING] TapoAI: [UPatio] Stream unavailable, retrying in 5s...
2026-04-19 08:20:27,893 [WARNING] TapoAI: [UPatio] Stream unavailable, retrying in 5s...
2026-04-19 08:20:36,149 [WARNING] TapoAI: [UPatio] Stream unavailable, retrying in 5s...
2026-04-19 08:20:41,137 [INFO] TapoAI: [Inside] Saved video ./recordings/Inside_0419-082032.mp4 and updated unified JSON event log
2026-04-19 08:20:44,450 [WARNING] TapoAI: [UPatio] Stream unavailable, retrying in 5s...
2026-04-19 08:20:52,660 [WARNING] TapoAI: [UPatio] Stream unavailable, retrying in 5s...
2026-04-19 08:21:00,917 [WARNING] TapoAI: [UPatio] Stream unavailable, retrying in 5s...
2026-04-19 08:21:06,767 [INFO] TapoAI: [Inside] Saved video ./recordings/Inside_0419-082051.mp4 and updated unified JSON event log
2026-04-19 08:21:09,174 [WARNING] TapoAI: [UPatio] Stream unavailable, retrying in 5s...
2026-04-19 08:21:15,782 [INFO] TapoAI: [Inside] Saved video ./recordings/Inside_0419-082107.mp4 and updated unified JSON event log
2026-04-19 08:21:17,366 [WARNING] TapoAI: [UPatio] Stream unavailable, retrying in 5s...
2026-04-19 08:21:25,621 [WARNING] TapoAI: [UPatio] Stream unavailable, retrying in 5s...
2026-04-19 08:21:33,815 [WARNING] TapoAI: [UPatio] Stream unavailable, retrying in 5s...
2026-04-19 08:21:42,008 [WARNING] TapoAI: [UPatio] Stream unavailable, retrying in 5s...
2026-04-19 08:21:50,260 [WARNING] TapoAI: [UPatio] Stream unavailable, retrying in 5s...
2026-04-19 08:21:58,453 [WARNING] TapoAI: [UPatio] Stream unavailable, retrying in 5s...
2026-04-19 08:22:04,280 [INFO] TapoAI: [Inside] Saved video ./recordings/Inside_0419-082135.mp4 and updated unified JSON event log
2026-04-19 08:22:06,646 [WARNING] TapoAI: [UPatio] Stream unavailable, retrying in 5s...
2026-04-19 08:22:14,773 [WARNING] TapoAI: [UPatio] Stream unavailable, retrying in 5s...
2026-04-19 08:22:18,462 [INFO] TapoAI: [Inside] Saved video ./recordings/Inside_0419-082210.mp4 and updated unified JSON event log
2026-04-19 08:22:22,904 [WARNING] TapoAI: [UPatio] Stream unavailable, retrying in 5s...
2026-04-19 08:22:31,159 [WARNING] TapoAI: [UPatio] Stream unavailable, retrying in 5s...
2026-04-19 08:22:39,289 [WARNING] TapoAI: [UPatio] Stream unavailable, retrying in 5s...
2026-04-19 08:22:47,479 [WARNING] TapoAI: [UPatio] Stream unavailable, retrying in 5s...
2026-04-19 08:22:50,974 [INFO] TapoAI: [Inside] Saved video ./recordings/Inside_0419-082238.mp4 and updated unified JSON event log
2026-04-19 08:22:55,735 [WARNING] TapoAI: [UPatio] Stream unavailable, retrying in 5s...
2026-04-19 08:23:03,927 [WARNING] TapoAI: [UPatio] Stream unavailable, retrying in 5s...
2026-04-19 08:23:12,182 [WARNING] TapoAI: [UPatio] Stream unavailable, retrying in 5s...
2026-04-19 08:23:13,770 [INFO] TapoAI: [Inside] Saved video ./recordings/Inside_0419-082304.mp4 and updated unified JSON event log
2026-04-19 08:23:20,376 [WARNING] TapoAI: [UPatio] Stream unavailable, retrying in 5s...
2026-04-19 08:23:28,506 [WARNING] TapoAI: [UPatio] Stream unavailable, retrying in 5s...
2026-04-19 08:23:36,761 [WARNING] TapoAI: [UPatio] Stream unavailable, retrying in 5s...
2026-04-19 08:23:44,952 [WARNING] TapoAI: [UPatio] Stream unavailable, retrying in 5s...
2026-04-19 08:23:53,210 [WARNING] TapoAI: [UPatio] Stream unavailable, retrying in 5s...
2026-04-19 08:23:56,194 [INFO] TapoAI: [Inside] Saved video ./recordings/Inside_0419-082341.mp4 and updated unified JSON event log
2026-04-19 08:24:01,401 [WARNING] TapoAI: [UPatio] Stream unavailable, retrying in 5s...
2026-04-19 08:24:09,593 [WARNING] TapoAI: [UPatio] Stream unavailable, retrying in 5s...
2026-04-19 08:24:12,704 [INFO] TapoAI: [Inside] Saved video ./recordings/Inside_0419-082400.mp4 and updated unified JSON event log
2026-04-19 08:24:17,851 [WARNING] TapoAI: [UPatio] Stream unavailable, retrying in 5s...
2026-04-19 08:24:25,976 [WARNING] TapoAI: [UPatio] Stream unavailable, retrying in 5s...
2026-04-19 08:24:31,272 [INFO] TapoAI: [Inside] Saved video ./recordings/Inside_0419-082422.mp4 and updated unified JSON event log
2026-04-19 08:24:34,234 [WARNING] TapoAI: [UPatio] Stream unavailable, retrying in 5s...
2026-04-19 08:24:42,490 [WARNING] TapoAI: [UPatio] Stream unavailable, retrying in 5s...
2026-04-19 08:24:48,739 [INFO] TapoAI: [Inside] Saved video ./recordings/Inside_0419-082440.mp4 and updated unified JSON event log
2026-04-19 08:24:50,745 [WARNING] TapoAI: [UPatio] Stream unavailable, retrying in 5s...
2026-04-19 08:24:59,001 [WARNING] TapoAI: [UPatio] Stream unavailable, retrying in 5s...
2026-04-19 08:24:59,385 [INFO] TapoAI: [Inside] Saved video ./recordings/Inside_0419-082451.mp4 and updated unified JSON event log
2026-04-19 08:25:07,258 [WARNING] TapoAI: [UPatio] Stream unavailable, retrying in 5s...
2026-04-19 08:25:15,513 [WARNING] TapoAI: [UPatio] Stream unavailable, retrying in 5s...
2026-04-19 08:25:15,643 [INFO] TapoAI: [Inside] Saved video ./recordings/Inside_0419-082504.mp4 and updated unified JSON event log
2026-04-19 08:25:23,707 [WARNING] TapoAI: [UPatio] Stream unavailable, retrying in 5s...
2026-04-19 08:25:31,834 [WARNING] TapoAI: [UPatio] Stream unavailable, retrying in 5s...
2026-04-19 08:25:40,027 [WARNING] TapoAI: [UPatio] Stream unavailable, retrying in 5s...
2026-04-19 08:25:43,496 [INFO] TapoAI: [Inside] Saved video ./recordings/Inside_0419-082530.mp4 and updated unified JSON event log
2026-04-19 08:25:48,156 [WARNING] TapoAI: [UPatio] Stream unavailable, retrying in 5s...
2026-04-19 08:25:51,920 [INFO] TapoAI: [Inside] Saved video ./recordings/Inside_0419-082543.mp4 and updated unified JSON event log
2026-04-19 08:25:56,408 [WARNING] TapoAI: [UPatio] Stream unavailable, retrying in 5s...
2026-04-19 08:26:04,660 [WARNING] TapoAI: [UPatio] Stream unavailable, retrying in 5s...
2026-04-19 08:26:12,849 [WARNING] TapoAI: [UPatio] Stream unavailable, retrying in 5s...
2026-04-19 08:26:21,040 [WARNING] TapoAI: [UPatio] Stream unavailable, retrying in 5s...
2026-04-19 08:26:21,863 [INFO] TapoAI: [Inside] Saved video ./recordings/Inside_0419-082613.mp4 and updated unified JSON event log
2026-04-19 08:26:29,289 [WARNING] TapoAI: [UPatio] Stream unavailable, retrying in 5s...
2026-04-19 08:26:37,479 [WARNING] TapoAI: [UPatio] Stream unavailable, retrying in 5s...
2026-04-19 08:26:45,731 [WARNING] TapoAI: [UPatio] Stream unavailable, retrying in 5s...
2026-04-19 08:26:53,984 [WARNING] TapoAI: [UPatio] Stream unavailable, retrying in 5s...
2026-04-19 08:27:01,315 [INFO] TapoAI: [Inside] Saved video ./recordings/Inside_0419-082650.mp4 and updated unified JSON event log
2026-04-19 08:27:02,237 [WARNING] TapoAI: [UPatio] Stream unavailable, retrying in 5s...
2026-04-19 08:27:10,491 [WARNING] TapoAI: [UPatio] Stream unavailable, retrying in 5s...
2026-04-19 08:27:12,736 [INFO] TapoAI: [Inside] Saved video ./recordings/Inside_0419-082701.mp4 and updated unified JSON event log
2026-04-19 08:27:18,680 [WARNING] TapoAI: [UPatio] Stream unavailable, retrying in 5s...
2026-04-19 08:27:26,997 [WARNING] TapoAI: [UPatio] Stream unavailable, retrying in 5s...
2026-04-19 08:27:35,125 [WARNING] TapoAI: [UPatio] Stream unavailable, retrying in 5s...
2026-04-19 08:27:43,344 [WARNING] TapoAI: [UPatio] Stream unavailable, retrying in 5s...
2026-04-19 08:27:51,501 [WARNING] TapoAI: [UPatio] Stream unavailable, retrying in 5s...
2026-04-19 08:27:59,085 [INFO] TapoAI: [Inside] Saved video ./recordings/Inside_0419-082743.mp4 and updated unified JSON event log
2026-04-19 08:27:59,755 [WARNING] TapoAI: [UPatio] Stream unavailable, retrying in 5s...
2026-04-19 08:28:07,945 [WARNING] TapoAI: [UPatio] Stream unavailable, retrying in 5s...
2026-04-19 08:28:16,136 [WARNING] TapoAI: [UPatio] Stream unavailable, retrying in 5s...
2026-04-19 08:28:24,261 [WARNING] TapoAI: [UPatio] Stream unavailable, retrying in 5s...
2026-04-19 08:28:32,513 [WARNING] TapoAI: [UPatio] Stream unavailable, retrying in 5s...
2026-04-19 08:28:40,769 [WARNING] TapoAI: [UPatio] Stream unavailable, retrying in 5s...
2026-04-19 08:28:49,022 [WARNING] TapoAI: [UPatio] Stream unavailable, retrying in 5s...
2026-04-19 08:28:57,212 [WARNING] TapoAI: [UPatio] Stream unavailable, retrying in 5s...
2026-04-19 08:29:05,402 [WARNING] TapoAI: [UPatio] Stream unavailable, retrying in 5s...
2026-04-19 08:29:09,414 [INFO] TapoAI: [Inside] Saved video ./recordings/Inside_0419-082901.mp4 and updated unified JSON event log
2026-04-19 08:29:13,655 [WARNING] TapoAI: [UPatio] Stream unavailable, retrying in 5s...
2026-04-19 08:29:19,347 [INFO] TapoAI: [Inside] Saved video ./recordings/Inside_0419-082910.mp4 and updated unified JSON event log
2026-04-19 08:29:21,909 [WARNING] TapoAI: [UPatio] Stream unavailable, retrying in 5s...
2026-04-19 08:29:30,165 [WARNING] TapoAI: [UPatio] Stream unavailable, retrying in 5s...
2026-04-19 08:29:38,378 [WARNING] TapoAI: [UPatio] Stream unavailable, retrying in 5s...
2026-04-19 08:29:41,779 [INFO] TapoAI: [Inside] Saved video ./recordings/Inside_0419-082933.mp4 and updated unified JSON event log
2026-04-19 08:29:46,609 [WARNING] TapoAI: [UPatio] Stream unavailable, retrying in 5s...
2026-04-19 08:29:54,862 [WARNING] TapoAI: [UPatio] Stream unavailable, retrying in 5s...
2026-04-19 08:30:03,053 [WARNING] TapoAI: [UPatio] Stream unavailable, retrying in 5s...
2026-04-19 08:30:08,912 [INFO] TapoAI: [Inside] Saved video ./recordings/Inside_0419-083000.mp4 and updated unified JSON event log
2026-04-19 08:30:11,307 [WARNING] TapoAI: [UPatio] Stream unavailable, retrying in 5s...
2026-04-19 08:30:19,499 [WARNING] TapoAI: [UPatio] Stream unavailable, retrying in 5s...
2026-04-19 08:30:27,688 [WARNING] TapoAI: [UPatio] Stream unavailable, retrying in 5s...
2026-04-19 08:30:35,817 [WARNING] TapoAI: [UPatio] Stream unavailable, retrying in 5s...
2026-04-19 08:30:44,078 [WARNING] TapoAI: [UPatio] Stream unavailable, retrying in 5s...
2026-04-19 08:30:52,195 [WARNING] TapoAI: [UPatio] Stream unavailable, retrying in 5s...
2026-04-19 08:30:54,182 [INFO] TapoAI: [Inside] Saved video ./recordings/Inside_0419-083045.mp4 and updated unified JSON event log
2026-04-19 08:31:00,455 [WARNING] TapoAI: [UPatio] Stream unavailable, retrying in 5s...
2026-04-19 08:31:08,578 [WARNING] TapoAI: [UPatio] Stream unavailable, retrying in 5s...
2026-04-19 08:31:16,834 [WARNING] TapoAI: [UPatio] Stream unavailable, retrying in 5s...
2026-04-19 08:31:25,086 [WARNING] TapoAI: [UPatio] Stream unavailable, retrying in 5s...
2026-04-19 08:31:33,277 [WARNING] TapoAI: [UPatio] Stream unavailable, retrying in 5s...
2026-04-19 08:31:41,533 [WARNING] TapoAI: [UPatio] Stream unavailable, retrying in 5s...
2026-04-19 08:31:49,723 [WARNING] TapoAI: [UPatio] Stream unavailable, retrying in 5s...
2026-04-19 08:31:51,736 [INFO] TapoAI: [Inside] Saved video ./recordings/Inside_0419-083140.mp4 and updated unified JSON event log
2026-04-19 08:31:57,914 [WARNING] TapoAI: [UPatio] Stream unavailable, retrying in 5s...
2026-04-19 08:32:06,105 [WARNING] TapoAI: [UPatio] Stream unavailable, retrying in 5s...
2026-04-19 08:32:14,363 [WARNING] TapoAI: [UPatio] Stream unavailable, retrying in 5s...
2026-04-19 08:32:22,615 [WARNING] TapoAI: [UPatio] Stream unavailable, retrying in 5s...
2026-04-19 08:32:30,871 [WARNING] TapoAI: [UPatio] Stream unavailable, retrying in 5s...
2026-04-19 08:32:39,125 [WARNING] TapoAI: [UPatio] Stream unavailable, retrying in 5s...
2026-04-19 08:32:47,380 [WARNING] TapoAI: [UPatio] Stream unavailable, retrying in 5s...
2026-04-19 08:32:55,634 [WARNING] TapoAI: [UPatio] Stream unavailable, retrying in 5s...
2026-04-19 08:33:03,829 [WARNING] TapoAI: [UPatio] Stream unavailable, retrying in 5s...
2026-04-19 08:33:12,147 [WARNING] TapoAI: [UPatio] Stream unavailable, retrying in 5s...
2026-04-19 08:33:20,400 [WARNING] TapoAI: [UPatio] Stream unavailable, retrying in 5s...
2026-04-19 08:33:28,656 [WARNING] TapoAI: [UPatio] Stream unavailable, retrying in 5s...
2026-04-19 08:33:36,909 [WARNING] TapoAI: [UPatio] Stream unavailable, retrying in 5s...
2026-04-19 08:33:45,102 [WARNING] TapoAI: [UPatio] Stream unavailable, retrying in 5s...
2026-04-19 08:33:45,987 [INFO] TapoAI: [Inside] Saved video ./recordings/Inside_0419-083337.mp4 and updated unified JSON event log
2026-04-19 08:33:53,357 [WARNING] TapoAI: [UPatio] Stream unavailable, retrying in 5s...
2026-04-19 08:34:01,547 [WARNING] TapoAI: [UPatio] Stream unavailable, retrying in 5s...
2026-04-19 08:34:09,738 [WARNING] TapoAI: [UPatio] Stream unavailable, retrying in 5s...
2026-04-19 08:34:15,702 [INFO] TapoAI: [Inside] Saved video ./recordings/Inside_0419-083407.mp4 and updated unified JSON event log
2026-04-19 08:34:17,996 [WARNING] TapoAI: [UPatio] Stream unavailable, retrying in 5s...
2026-04-19 08:34:26,185 [WARNING] TapoAI: [UPatio] Stream unavailable, retrying in 5s...
2026-04-19 08:34:34,313 [WARNING] TapoAI: [UPatio] Stream unavailable, retrying in 5s...
2026-04-19 08:34:42,439 [WARNING] TapoAI: [UPatio] Stream unavailable, retrying in 5s...
2026-04-19 08:34:50,631 [WARNING] TapoAI: [UPatio] Stream unavailable, retrying in 5s...
2026-04-19 08:34:58,885 [WARNING] TapoAI: [UPatio] Stream unavailable, retrying in 5s...
2026-04-19 08:35:01,435 [INFO] TapoAI: [Inside] Saved video ./recordings/Inside_0419-083445.mp4 and updated unified JSON event log
2026-04-19 08:35:07,077 [WARNING] TapoAI: [UPatio] Stream unavailable, retrying in 5s...
2026-04-19 08:35:10,202 [INFO] TapoAI: [Inside] Saved video ./recordings/Inside_0419-083501.mp4 and updated unified JSON event log
2026-04-19 08:35:15,269 [WARNING] TapoAI: [UPatio] Stream unavailable, retrying in 5s...
2026-04-19 08:35:23,589 [WARNING] TapoAI: [UPatio] Stream unavailable, retrying in 5s...
2026-04-19 08:35:31,843 [WARNING] TapoAI: [UPatio] Stream unavailable, retrying in 5s...
2026-04-19 08:35:40,036 [WARNING] TapoAI: [UPatio] Stream unavailable, retrying in 5s...
2026-04-19 08:35:48,289 [WARNING] TapoAI: [UPatio] Stream unavailable, retrying in 5s...
2026-04-19 08:35:56,480 [WARNING] TapoAI: [UPatio] Stream unavailable, retrying in 5s...
2026-04-19 08:36:04,736 [WARNING] TapoAI: [UPatio] Stream unavailable, retrying in 5s...
2026-04-19 08:36:10,262 [INFO] TapoAI: [Inside] Saved video ./recordings/Inside_0419-083602.mp4 and updated unified JSON event log
2026-04-19 08:36:12,935 [WARNING] TapoAI: [UPatio] Stream unavailable, retrying in 5s...
2026-04-19 08:36:15,842 [INFO] TapoAI: [LPatio] Saved video ./recordings/LPatio_0419-083606.mp4 and updated unified JSON event log
2026-04-19 08:36:21,119 [WARNING] TapoAI: [UPatio] Stream unavailable, retrying in 5s...
2026-04-19 08:36:29,311 [WARNING] TapoAI: [UPatio] Stream unavailable, retrying in 5s...
2026-04-19 08:36:37,502 [WARNING] TapoAI: [UPatio] Stream unavailable, retrying in 5s...
2026-04-19 08:36:45,761 [WARNING] TapoAI: [UPatio] Stream unavailable, retrying in 5s...
2026-04-19 08:36:54,013 [WARNING] TapoAI: [UPatio] Stream unavailable, retrying in 5s...
2026-04-19 08:37:02,268 [WARNING] TapoAI: [UPatio] Stream unavailable, retrying in 5s...
2026-04-19 08:37:10,523 [WARNING] TapoAI: [UPatio] Stream unavailable, retrying in 5s...
2026-04-19 08:37:18,744 [INFO] TapoAI: [Inside] Saved video ./recordings/Inside_0419-083710.mp4 and updated unified JSON event log
2026-04-19 08:37:18,779 [WARNING] TapoAI: [UPatio] Stream unavailable, retrying in 5s...
2026-04-19 08:37:26,906 [WARNING] TapoAI: [UPatio] Stream unavailable, retrying in 5s...
2026-04-19 08:37:35,163 [WARNING] TapoAI: [UPatio] Stream unavailable, retrying in 5s...
2026-04-19 08:37:43,417 [WARNING] TapoAI: [UPatio] Stream unavailable, retrying in 5s...
2026-04-19 08:37:51,546 [WARNING] TapoAI: [UPatio] Stream unavailable, retrying in 5s...
2026-04-19 08:37:59,736 [WARNING] TapoAI: [UPatio] Stream unavailable, retrying in 5s...
2026-04-19 08:38:07,992 [WARNING] TapoAI: [UPatio] Stream unavailable, retrying in 5s...
2026-04-19 08:38:16,247 [WARNING] TapoAI: [UPatio] Stream unavailable, retrying in 5s...
2026-04-19 08:38:21,666 [INFO] TapoAI: [Inside] Saved video ./recordings/Inside_0419-083813.mp4 and updated unified JSON event log
2026-04-19 08:38:24,441 [WARNING] TapoAI: [UPatio] Stream unavailable, retrying in 5s...
2026-04-19 08:38:32,693 [WARNING] TapoAI: [UPatio] Stream unavailable, retrying in 5s...
2026-04-19 08:38:40,886 [WARNING] TapoAI: [UPatio] Stream unavailable, retrying in 5s...
2026-04-19 08:38:40,985 [INFO] TapoAI: [Inside] Saved video ./recordings/Inside_0419-083827.mp4 and updated unified JSON event log
2026-04-19 08:38:49,141 [WARNING] TapoAI: [UPatio] Stream unavailable, retrying in 5s...
2026-04-19 08:38:57,269 [WARNING] TapoAI: [UPatio] Stream unavailable, retrying in 5s...
2026-04-19 08:38:58,581 [INFO] TapoAI: [Inside] Saved video ./recordings/Inside_0419-083850.mp4 and updated unified JSON event log
2026-04-19 08:39:05,525 [WARNING] TapoAI: [UPatio] Stream unavailable, retrying in 5s...
2026-04-19 08:39:13,779 [WARNING] TapoAI: [UPatio] Stream unavailable, retrying in 5s...
2026-04-19 08:39:20,392 [INFO] TapoAI: [Inside] Saved video ./recordings/Inside_0419-083912.mp4 and updated unified JSON event log
2026-04-19 08:39:22,035 [WARNING] TapoAI: [UPatio] Stream unavailable, retrying in 5s...
2026-04-19 08:39:30,227 [WARNING] TapoAI: [UPatio] Stream unavailable, retrying in 5s...
2026-04-19 08:39:35,373 [INFO] TapoAI: [Inside] Saved video ./recordings/Inside_0419-083927.mp4 and updated unified JSON event log
2026-04-19 08:39:38,412 [WARNING] TapoAI: [UPatio] Stream unavailable, retrying in 5s...
2026-04-19 08:39:46,605 [WARNING] TapoAI: [UPatio] Stream unavailable, retrying in 5s...
2026-04-19 08:39:48,918 [INFO] TapoAI: [Inside] Saved video ./recordings/Inside_0419-083940.mp4 and updated unified JSON event log
2026-04-19 08:39:54,796 [WARNING] TapoAI: [UPatio] Stream unavailable, retrying in 5s...
2026-04-19 08:40:03,052 [WARNING] TapoAI: [UPatio] Stream unavailable, retrying in 5s...
2026-04-19 08:40:11,308 [WARNING] TapoAI: [UPatio] Stream unavailable, retrying in 5s...
2026-04-19 08:40:19,502 [WARNING] TapoAI: [UPatio] Stream unavailable, retrying in 5s...
2026-04-19 08:40:27,343 [INFO] TapoAI: [Inside] Saved video ./recordings/Inside_0419-083956.mp4 and updated unified JSON event log
2026-04-19 08:40:27,624 [WARNING] TapoAI: [UPatio] Stream unavailable, retrying in 5s...
2026-04-19 08:40:35,818 [WARNING] TapoAI: [UPatio] Stream unavailable, retrying in 5s...
2026-04-19 08:40:44,073 [WARNING] TapoAI: [UPatio] Stream unavailable, retrying in 5s...
2026-04-19 08:40:52,332 [WARNING] TapoAI: [UPatio] Stream unavailable, retrying in 5s...
2026-04-19 08:40:52,807 [INFO] TapoAI: [Inside] Saved video ./recordings/Inside_0419-084043.mp4 and updated unified JSON event log
2026-04-19 08:41:00,521 [WARNING] TapoAI: [UPatio] Stream unavailable, retrying in 5s...
2026-04-19 08:41:08,774 [WARNING] TapoAI: [UPatio] Stream unavailable, retrying in 5s...
2026-04-19 08:41:16,967 [WARNING] TapoAI: [UPatio] Stream unavailable, retrying in 5s...
2026-04-19 08:41:25,221 [WARNING] TapoAI: [UPatio] Stream unavailable, retrying in 5s...
2026-04-19 08:41:30,736 [INFO] TapoAI: [Inside] Saved video ./recordings/Inside_0419-084112.mp4 and updated unified JSON event log
2026-04-19 08:41:33,477 [WARNING] TapoAI: [UPatio] Stream unavailable, retrying in 5s...
2026-04-19 08:41:41,603 [WARNING] TapoAI: [UPatio] Stream unavailable, retrying in 5s...
2026-04-19 08:41:49,696 [INFO] TapoAI: [Inside] Saved video ./recordings/Inside_0419-084141.mp4 and updated unified JSON event log
2026-04-19 08:41:49,862 [WARNING] TapoAI: [UPatio] Stream unavailable, retrying in 5s...
2026-04-19 08:41:58,051 [WARNING] TapoAI: [UPatio] Stream unavailable, retrying in 5s...
2026-04-19 08:42:06,308 [WARNING] TapoAI: [UPatio] Stream unavailable, retrying in 5s...
2026-04-19 08:42:14,561 [WARNING] TapoAI: [UPatio] Stream unavailable, retrying in 5s...
2026-04-19 08:42:22,754 [WARNING] TapoAI: [UPatio] Stream unavailable, retrying in 5s...
2026-04-19 08:42:31,009 [WARNING] TapoAI: [UPatio] Stream unavailable, retrying in 5s...
2026-04-19 08:42:36,436 [INFO] TapoAI: [Inside] Saved video ./recordings/Inside_0419-084225.mp4 and updated unified JSON event log
2026-04-19 08:42:39,200 [WARNING] TapoAI: [UPatio] Stream unavailable, retrying in 5s...
2026-04-19 08:42:47,456 [WARNING] TapoAI: [UPatio] Stream unavailable, retrying in 5s...
2026-04-19 08:42:55,117 [INFO] TapoAI: [Inside] Saved video ./recordings/Inside_0419-084246.mp4 and updated unified JSON event log
2026-04-19 08:42:55,648 [WARNING] TapoAI: [UPatio] Stream unavailable, retrying in 5s...
2026-04-19 08:43:03,840 [WARNING] TapoAI: [UPatio] Stream unavailable, retrying in 5s...
2026-04-19 08:43:12,096 [WARNING] TapoAI: [UPatio] Stream unavailable, retrying in 5s...
2026-04-19 08:43:20,352 [WARNING] TapoAI: [UPatio] Stream unavailable, retrying in 5s...
2026-04-19 08:43:21,243 [INFO] TapoAI: [Inside] Saved video ./recordings/Inside_0419-084312.mp4 and updated unified JSON event log
2026-04-19 08:43:28,608 [WARNING] TapoAI: [UPatio] Stream unavailable, retrying in 5s...
2026-04-19 08:43:35,181 [INFO] TapoAI: [Inside] Saved video ./recordings/Inside_0419-084327.mp4 and updated unified JSON event log
2026-04-19 08:43:36,867 [WARNING] TapoAI: [UPatio] Stream unavailable, retrying in 5s...
2026-04-19 08:43:45,120 [WARNING] TapoAI: [UPatio] Stream unavailable, retrying in 5s...
2026-04-19 08:43:53,378 [WARNING] TapoAI: [UPatio] Stream unavailable, retrying in 5s...
2026-04-19 08:44:00,459 [INFO] TapoAI: [Inside] Saved video ./recordings/Inside_0419-084352.mp4 and updated unified JSON event log
2026-04-19 08:44:01,634 [WARNING] TapoAI: [UPatio] Stream unavailable, retrying in 5s...
2026-04-19 08:44:09,764 [WARNING] TapoAI: [UPatio] Stream unavailable, retrying in 5s...
2026-04-19 08:44:18,030 [WARNING] TapoAI: [UPatio] Stream unavailable, retrying in 5s...
2026-04-19 08:44:26,273 [WARNING] TapoAI: [UPatio] Stream unavailable, retrying in 5s...
2026-04-19 08:44:34,529 [WARNING] TapoAI: [UPatio] Stream unavailable, retrying in 5s...
2026-04-19 08:44:42,658 [WARNING] TapoAI: [UPatio] Stream unavailable, retrying in 5s...
2026-04-19 08:44:50,258 [INFO] TapoAI: [Inside] Saved video ./recordings/Inside_0419-084434.mp4 and updated unified JSON event log
2026-04-19 08:44:50,978 [WARNING] TapoAI: [UPatio] Stream unavailable, retrying in 5s...
2026-04-19 08:44:59,171 [WARNING] TapoAI: [UPatio] Stream unavailable, retrying in 5s...
2026-04-19 08:45:07,360 [WARNING] TapoAI: [UPatio] Stream unavailable, retrying in 5s...
2026-04-19 08:45:15,618 [WARNING] TapoAI: [UPatio] Stream unavailable, retrying in 5s...
2026-04-19 08:45:23,873 [WARNING] TapoAI: [UPatio] Stream unavailable, retrying in 5s...
2026-04-19 08:45:32,066 [WARNING] TapoAI: [UPatio] Stream unavailable, retrying in 5s...
2026-04-19 08:45:40,322 [WARNING] TapoAI: [UPatio] Stream unavailable, retrying in 5s...
2026-04-19 08:45:48,577 [WARNING] TapoAI: [UPatio] Stream unavailable, retrying in 5s...
2026-04-19 08:45:56,769 [WARNING] TapoAI: [UPatio] Stream unavailable, retrying in 5s...
2026-04-19 08:46:05,025 [WARNING] TapoAI: [UPatio] Stream unavailable, retrying in 5s...
2026-04-19 08:46:13,282 [WARNING] TapoAI: [UPatio] Stream unavailable, retrying in 5s...
2026-04-19 08:46:21,538 [WARNING] TapoAI: [UPatio] Stream unavailable, retrying in 5s...
2026-04-19 08:46:29,729 [WARNING] TapoAI: [UPatio] Stream unavailable, retrying in 5s...
2026-04-19 08:46:37,985 [WARNING] TapoAI: [UPatio] Stream unavailable, retrying in 5s...
2026-04-19 08:46:46,177 [WARNING] TapoAI: [UPatio] Stream unavailable, retrying in 5s...
2026-04-19 08:46:54,433 [WARNING] TapoAI: [UPatio] Stream unavailable, retrying in 5s...
2026-04-19 08:46:59,253 [INFO] TapoAI: [Inside] Saved video ./recordings/Inside_0419-084646.mp4 and updated unified JSON event log
2026-04-19 08:47:02,625 [WARNING] TapoAI: [UPatio] Stream unavailable, retrying in 5s...
2026-04-19 08:47:10,817 [WARNING] TapoAI: [UPatio] Stream unavailable, retrying in 5s...
2026-04-19 08:47:15,768 [INFO] TapoAI: [Inside] Saved video ./recordings/Inside_0419-084707.mp4 and updated unified JSON event log
2026-04-19 08:47:19,074 [WARNING] TapoAI: [UPatio] Stream unavailable, retrying in 5s...
2026-04-19 08:47:27,203 [WARNING] TapoAI: [UPatio] Stream unavailable, retrying in 5s...
2026-04-19 08:47:27,506 [INFO] TapoAI: [Inside] Saved video ./recordings/Inside_0419-084719.mp4 and updated unified JSON event log
2026-04-19 08:47:35,458 [WARNING] TapoAI: [UPatio] Stream unavailable, retrying in 5s...
2026-04-19 08:47:43,651 [WARNING] TapoAI: [UPatio] Stream unavailable, retrying in 5s...
2026-04-19 08:47:51,905 [WARNING] TapoAI: [UPatio] Stream unavailable, retrying in 5s...
2026-04-19 08:47:52,691 [INFO] TapoAI: [Inside] Saved video ./recordings/Inside_0419-084743.mp4 and updated unified JSON event log
2026-04-19 08:48:00,161 [WARNING] TapoAI: [UPatio] Stream unavailable, retrying in 5s...
2026-04-19 08:48:08,416 [WARNING] TapoAI: [UPatio] Stream unavailable, retrying in 5s...
2026-04-19 08:48:11,562 [INFO] TapoAI: [Inside] Saved video ./recordings/Inside_0419-084755.mp4 and updated unified JSON event log
2026-04-19 08:48:16,736 [WARNING] TapoAI: [UPatio] Stream unavailable, retrying in 5s...
2026-04-19 08:48:24,993 [WARNING] TapoAI: [UPatio] Stream unavailable, retrying in 5s...
2026-04-19 08:48:33,121 [WARNING] TapoAI: [UPatio] Stream unavailable, retrying in 5s...
2026-04-19 08:48:41,313 [WARNING] TapoAI: [UPatio] Stream unavailable, retrying in 5s...
2026-04-19 08:48:49,569 [WARNING] TapoAI: [UPatio] Stream unavailable, retrying in 5s...
2026-04-19 08:48:57,760 [WARNING] TapoAI: [UPatio] Stream unavailable, retrying in 5s...
2026-04-19 08:49:00,001 [INFO] TapoAI: [Inside] Saved video ./recordings/Inside_0419-084836.mp4 and updated unified JSON event log
2026-04-19 08:49:05,952 [WARNING] TapoAI: [UPatio] Stream unavailable, retrying in 5s...
2026-04-19 08:49:14,208 [WARNING] TapoAI: [UPatio] Stream unavailable, retrying in 5s...
2026-04-19 08:49:22,468 [WARNING] TapoAI: [UPatio] Stream unavailable, retrying in 5s...
2026-04-19 08:49:26,808 [INFO] TapoAI: [Inside] Saved video ./recordings/Inside_0419-084918.mp4 and updated unified JSON event log
2026-04-19 08:49:30,657 [WARNING] TapoAI: [UPatio] Stream unavailable, retrying in 5s...
2026-04-19 08:49:38,848 [WARNING] TapoAI: [UPatio] Stream unavailable, retrying in 5s...
2026-04-19 08:49:47,105 [WARNING] TapoAI: [UPatio] Stream unavailable, retrying in 5s...
2026-04-19 08:49:55,051 [INFO] TapoAI: [Inside] Saved video ./recordings/Inside_0419-084946.mp4 and updated unified JSON event log
2026-04-19 08:49:55,359 [WARNING] TapoAI: [UPatio] Stream unavailable, retrying in 5s...
2026-04-19 08:50:03,616 [WARNING] TapoAI: [UPatio] Stream unavailable, retrying in 5s...
2026-04-19 08:50:11,874 [WARNING] TapoAI: [UPatio] Stream unavailable, retrying in 5s...
2026-04-19 08:50:20,127 [WARNING] TapoAI: [UPatio] Stream unavailable, retrying in 5s...
2026-04-19 08:50:24,893 [INFO] TapoAI: [Inside] Saved video ./recordings/Inside_0419-085016.mp4 and updated unified JSON event log
2026-04-19 08:50:28,447 [WARNING] TapoAI: [UPatio] Stream unavailable, retrying in 5s...
2026-04-19 08:50:36,639 [WARNING] TapoAI: [UPatio] Stream unavailable, retrying in 5s...
2026-04-19 08:50:44,895 [WARNING] TapoAI: [UPatio] Stream unavailable, retrying in 5s...
2026-04-19 08:50:47,541 [INFO] TapoAI: [LPatio] Saved video ./recordings/LPatio_0419-085039.mp4 and updated unified JSON event log
2026-04-19 08:50:53,023 [WARNING] TapoAI: [UPatio] Stream unavailable, retrying in 5s...
2026-04-19 08:51:01,217 [WARNING] TapoAI: [UPatio] Stream unavailable, retrying in 5s...
2026-04-19 08:51:09,474 [WARNING] TapoAI: [UPatio] Stream unavailable, retrying in 5s...
2026-04-19 08:51:17,728 [WARNING] TapoAI: [UPatio] Stream unavailable, retrying in 5s...
2026-04-19 08:51:25,927 [WARNING] TapoAI: [UPatio] Stream unavailable, retrying in 5s...
2026-04-19 08:51:34,110 [WARNING] TapoAI: [UPatio] Stream unavailable, retrying in 5s...
2026-04-19 08:51:42,365 [WARNING] TapoAI: [UPatio] Stream unavailable, retrying in 5s...
2026-04-19 08:51:50,557 [WARNING] TapoAI: [UPatio] Stream unavailable, retrying in 5s...
2026-04-19 08:51:51,785 [INFO] TapoAI: [Inside] Saved video ./recordings/Inside_0419-085143.mp4 and updated unified JSON event log
2026-04-19 08:51:58,814 [WARNING] TapoAI: [UPatio] Stream unavailable, retrying in 5s...
2026-04-19 08:52:07,006 [WARNING] TapoAI: [UPatio] Stream unavailable, retrying in 5s...
2026-04-19 08:52:08,363 [INFO] TapoAI: [Inside] Saved video ./recordings/Inside_0419-085200.mp4 and updated unified JSON event log
2026-04-19 08:52:15,197 [WARNING] TapoAI: [UPatio] Stream unavailable, retrying in 5s...
2026-04-19 08:52:19,776 [INFO] TapoAI: [Inside] Saved video ./recordings/Inside_0419-085211.mp4 and updated unified JSON event log
2026-04-19 08:52:23,454 [WARNING] TapoAI: [UPatio] Stream unavailable, retrying in 5s...
2026-04-19 08:52:31,709 [WARNING] TapoAI: [UPatio] Stream unavailable, retrying in 5s...
2026-04-19 08:52:39,964 [WARNING] TapoAI: [UPatio] Stream unavailable, retrying in 5s...
2026-04-19 08:52:41,273 [INFO] TapoAI: [Inside] Saved video ./recordings/Inside_0419-085233.mp4 and updated unified JSON event log
2026-04-19 08:52:48,226 [WARNING] TapoAI: [UPatio] Stream unavailable, retrying in 5s...
2026-04-19 08:52:53,814 [INFO] TapoAI: [Inside] Saved video ./recordings/Inside_0419-085245.mp4 and updated unified JSON event log
2026-04-19 08:52:56,476 [WARNING] TapoAI: [UPatio] Stream unavailable, retrying in 5s...
2026-04-19 08:53:04,731 [WARNING] TapoAI: [UPatio] Stream unavailable, retrying in 5s...
2026-04-19 08:53:12,925 [WARNING] TapoAI: [UPatio] Stream unavailable, retrying in 5s...
2026-04-19 08:53:21,117 [WARNING] TapoAI: [UPatio] Stream unavailable, retrying in 5s...
2026-04-19 08:53:28,664 [INFO] TapoAI: [Inside] Saved video ./recordings/Inside_0419-085320.mp4 and updated unified JSON event log
2026-04-19 08:53:29,309 [WARNING] TapoAI: [UPatio] Stream unavailable, retrying in 5s...
2026-04-19 08:53:37,499 [WARNING] TapoAI: [UPatio] Stream unavailable, retrying in 5s...
2026-04-19 08:53:45,757 [WARNING] TapoAI: [UPatio] Stream unavailable, retrying in 5s...
2026-04-19 08:53:53,946 [WARNING] TapoAI: [UPatio] Stream unavailable, retrying in 5s...
2026-04-19 08:54:02,204 [WARNING] TapoAI: [UPatio] Stream unavailable, retrying in 5s...
2026-04-19 08:54:10,458 [WARNING] TapoAI: [UPatio] Stream unavailable, retrying in 5s...
2026-04-19 08:54:18,714 [WARNING] TapoAI: [UPatio] Stream unavailable, retrying in 5s...
2026-04-19 08:54:26,969 [WARNING] TapoAI: [UPatio] Stream unavailable, retrying in 5s...
2026-04-19 08:54:35,226 [WARNING] TapoAI: [UPatio] Stream unavailable, retrying in 5s...
2026-04-19 08:54:38,731 [INFO] TapoAI: [Inside] Saved video ./recordings/Inside_0419-085422.mp4 and updated unified JSON event log
2026-04-19 08:54:43,353 [WARNING] TapoAI: [UPatio] Stream unavailable, retrying in 5s...
2026-04-19 08:54:51,611 [WARNING] TapoAI: [UPatio] Stream unavailable, retrying in 5s...
2026-04-19 08:54:59,865 [WARNING] TapoAI: [UPatio] Stream unavailable, retrying in 5s...
2026-04-19 08:55:08,120 [WARNING] TapoAI: [UPatio] Stream unavailable, retrying in 5s...
2026-04-19 08:55:16,312 [WARNING] TapoAI: [UPatio] Stream unavailable, retrying in 5s...
2026-04-19 08:55:24,568 [WARNING] TapoAI: [UPatio] Stream unavailable, retrying in 5s...
2026-04-19 08:55:32,765 [WARNING] TapoAI: [UPatio] Stream unavailable, retrying in 5s...
2026-04-19 08:55:35,099 [INFO] TapoAI: [Inside] Saved video ./recordings/Inside_0419-085526.mp4 and updated unified JSON event log
2026-04-19 08:55:40,952 [WARNING] TapoAI: [UPatio] Stream unavailable, retrying in 5s...
2026-04-19 08:55:49,143 [WARNING] TapoAI: [UPatio] Stream unavailable, retrying in 5s...
2026-04-19 08:55:57,398 [WARNING] TapoAI: [UPatio] Stream unavailable, retrying in 5s...
2026-04-19 08:56:05,530 [WARNING] TapoAI: [UPatio] Stream unavailable, retrying in 5s...
2026-04-19 08:56:13,718 [WARNING] TapoAI: [UPatio] Stream unavailable, retrying in 5s...
2026-04-19 08:56:18,618 [INFO] TapoAI: [Inside] Saved video ./recordings/Inside_0419-085610.mp4 and updated unified JSON event log
2026-04-19 08:56:21,975 [WARNING] TapoAI: [UPatio] Stream unavailable, retrying in 5s...
2026-04-19 08:56:30,166 [WARNING] TapoAI: [UPatio] Stream unavailable, retrying in 5s...
2026-04-19 08:56:38,293 [WARNING] TapoAI: [UPatio] Stream unavailable, retrying in 5s...
2026-04-19 08:56:46,630 [WARNING] TapoAI: [UPatio] Stream unavailable, retrying in 5s...
2026-04-19 08:56:54,895 [WARNING] TapoAI: [UPatio] Stream unavailable, retrying in 5s...
2026-04-19 08:57:03,093 [WARNING] TapoAI: [UPatio] Stream unavailable, retrying in 5s...
2026-04-19 08:57:11,349 [WARNING] TapoAI: [UPatio] Stream unavailable, retrying in 5s...
2026-04-19 08:57:19,610 [WARNING] TapoAI: [UPatio] Stream unavailable, retrying in 5s...
2026-04-19 08:57:27,864 [WARNING] TapoAI: [UPatio] Stream unavailable, retrying in 5s...
2026-04-19 08:57:36,056 [WARNING] TapoAI: [UPatio] Stream unavailable, retrying in 5s...
2026-04-19 08:57:44,250 [WARNING] TapoAI: [UPatio] Stream unavailable, retrying in 5s...
2026-04-19 08:57:52,506 [WARNING] TapoAI: [UPatio] Stream unavailable, retrying in 5s...
2026-04-19 08:58:00,700 [WARNING] TapoAI: [UPatio] Stream unavailable, retrying in 5s...
2026-04-19 08:58:08,955 [WARNING] TapoAI: [UPatio] Stream unavailable, retrying in 5s...
2026-04-19 08:58:17,209 [WARNING] TapoAI: [UPatio] Stream unavailable, retrying in 5s...
2026-04-19 08:58:25,464 [WARNING] TapoAI: [UPatio] Stream unavailable, retrying in 5s...
2026-04-19 08:58:33,721 [WARNING] TapoAI: [UPatio] Stream unavailable, retrying in 5s...
2026-04-19 08:58:41,911 [WARNING] TapoAI: [UPatio] Stream unavailable, retrying in 5s...
2026-04-19 08:58:50,103 [WARNING] TapoAI: [UPatio] Stream unavailable, retrying in 5s...
2026-04-19 08:58:58,298 [WARNING] TapoAI: [UPatio] Stream unavailable, retrying in 5s...
2026-04-19 08:59:06,553 [WARNING] TapoAI: [UPatio] Stream unavailable, retrying in 5s...
2026-04-19 08:59:14,810 [WARNING] TapoAI: [UPatio] Stream unavailable, retrying in 5s...
2026-04-19 08:59:23,062 [WARNING] TapoAI: [UPatio] Stream unavailable, retrying in 5s...
2026-04-19 08:59:31,255 [WARNING] TapoAI: [UPatio] Stream unavailable, retrying in 5s...
2026-04-19 08:59:39,512 [WARNING] TapoAI: [UPatio] Stream unavailable, retrying in 5s...
2026-04-19 08:59:47,767 [WARNING] TapoAI: [UPatio] Stream unavailable, retrying in 5s...
2026-04-19 08:59:56,022 [WARNING] TapoAI: [UPatio] Stream unavailable, retrying in 5s...
2026-04-19 09:00:04,277 [WARNING] TapoAI: [UPatio] Stream unavailable, retrying in 5s...
2026-04-19 09:00:12,480 [WARNING] TapoAI: [UPatio] Stream unavailable, retrying in 5s...
2026-04-19 09:00:20,726 [WARNING] TapoAI: [UPatio] Stream unavailable, retrying in 5s...
2026-04-19 09:00:28,982 [WARNING] TapoAI: [UPatio] Stream unavailable, retrying in 5s...
2026-04-19 09:00:37,237 [WARNING] TapoAI: [UPatio] Stream unavailable, retrying in 5s...
2026-04-19 09:00:45,557 [WARNING] TapoAI: [UPatio] Stream unavailable, retrying in 5s...
2026-04-19 09:00:53,820 [WARNING] TapoAI: [UPatio] Stream unavailable, retrying in 5s...
2026-04-19 09:01:02,068 [WARNING] TapoAI: [UPatio] Stream unavailable, retrying in 5s...
2026-04-19 09:01:10,387 [WARNING] TapoAI: [UPatio] Stream unavailable, retrying in 5s...
2026-04-19 09:01:18,643 [WARNING] TapoAI: [UPatio] Stream unavailable, retrying in 5s...
2026-04-19 09:01:26,900 [WARNING] TapoAI: [UPatio] Stream unavailable, retrying in 5s...
2026-04-19 09:01:35,091 [WARNING] TapoAI: [UPatio] Stream unavailable, retrying in 5s...
2026-04-19 09:01:43,219 [WARNING] TapoAI: [UPatio] Stream unavailable, retrying in 5s...
2026-04-19 09:01:51,474 [WARNING] TapoAI: [UPatio] Stream unavailable, retrying in 5s...
2026-04-19 09:01:59,667 [WARNING] TapoAI: [UPatio] Stream unavailable, retrying in 5s...
2026-04-19 09:02:07,858 [WARNING] TapoAI: [UPatio] Stream unavailable, retrying in 5s...
2026-04-19 09:02:15,988 [WARNING] TapoAI: [UPatio] Stream unavailable, retrying in 5s...
2026-04-19 09:02:24,178 [WARNING] TapoAI: [UPatio] Stream unavailable, retrying in 5s...
2026-04-19 09:02:32,435 [WARNING] TapoAI: [UPatio] Stream unavailable, retrying in 5s...
2026-04-19 09:02:40,689 [WARNING] TapoAI: [UPatio] Stream unavailable, retrying in 5s...
2026-04-19 09:02:48,880 [WARNING] TapoAI: [UPatio] Stream unavailable, retrying in 5s...
2026-04-19 09:02:57,137 [WARNING] TapoAI: [UPatio] Stream unavailable, retrying in 5s...
2026-04-19 09:03:05,392 [WARNING] TapoAI: [UPatio] Stream unavailable, retrying in 5s...
2026-04-19 09:03:13,647 [WARNING] TapoAI: [UPatio] Stream unavailable, retrying in 5s...
2026-04-19 09:03:21,840 [WARNING] TapoAI: [UPatio] Stream unavailable, retrying in 5s...
2026-04-19 09:03:30,096 [WARNING] TapoAI: [UPatio] Stream unavailable, retrying in 5s...
2026-04-19 09:03:38,355 [WARNING] TapoAI: [UPatio] Stream unavailable, retrying in 5s...
2026-04-19 09:03:46,606 [WARNING] TapoAI: [UPatio] Stream unavailable, retrying in 5s...
2026-04-19 09:03:54,799 [WARNING] TapoAI: [UPatio] Stream unavailable, retrying in 5s...
2026-04-19 09:04:02,990 [WARNING] TapoAI: [UPatio] Stream unavailable, retrying in 5s...
2026-04-19 09:04:11,182 [WARNING] TapoAI: [UPatio] Stream unavailable, retrying in 5s...
2026-04-19 09:04:19,443 [WARNING] TapoAI: [UPatio] Stream unavailable, retrying in 5s...
2026-04-19 09:04:27,702 [WARNING] TapoAI: [UPatio] Stream unavailable, retrying in 5s...
2026-04-19 09:04:35,950 [WARNING] TapoAI: [UPatio] Stream unavailable, retrying in 5s...
2026-04-19 09:04:44,140 [WARNING] TapoAI: [UPatio] Stream unavailable, retrying in 5s...
2026-04-19 09:04:52,268 [WARNING] TapoAI: [UPatio] Stream unavailable, retrying in 5s...
2026-04-19 09:05:00,398 [WARNING] TapoAI: [UPatio] Stream unavailable, retrying in 5s...
2026-04-19 09:05:08,654 [WARNING] TapoAI: [UPatio] Stream unavailable, retrying in 5s...
2026-04-19 09:05:16,909 [WARNING] TapoAI: [UPatio] Stream unavailable, retrying in 5s...
2026-04-19 09:05:25,167 [WARNING] TapoAI: [UPatio] Stream unavailable, retrying in 5s...
2026-04-19 09:05:33,419 [WARNING] TapoAI: [UPatio] Stream unavailable, retrying in 5s...
2026-04-19 09:05:41,674 [WARNING] TapoAI: [UPatio] Stream unavailable, retrying in 5s...
2026-04-19 09:05:49,867 [WARNING] TapoAI: [UPatio] Stream unavailable, retrying in 5s...
2026-04-19 09:05:58,123 [WARNING] TapoAI: [UPatio] Stream unavailable, retrying in 5s...
2026-04-19 09:06:06,385 [WARNING] TapoAI: [UPatio] Stream unavailable, retrying in 5s...
2026-04-19 09:06:14,633 [WARNING] TapoAI: [UPatio] Stream unavailable, retrying in 5s...
2026-04-19 09:06:22,892 [WARNING] TapoAI: [UPatio] Stream unavailable, retrying in 5s...
2026-04-19 09:06:31,082 [WARNING] TapoAI: [UPatio] Stream unavailable, retrying in 5s...
2026-04-19 09:06:39,212 [WARNING] TapoAI: [UPatio] Stream unavailable, retrying in 5s...
2026-04-19 09:06:47,464 [WARNING] TapoAI: [UPatio] Stream unavailable, retrying in 5s...
2026-04-19 09:06:55,656 [WARNING] TapoAI: [UPatio] Stream unavailable, retrying in 5s...
2026-04-19 09:07:03,912 [WARNING] TapoAI: [UPatio] Stream unavailable, retrying in 5s...
2026-04-19 09:07:12,173 [WARNING] TapoAI: [UPatio] Stream unavailable, retrying in 5s...
2026-04-19 09:07:20,424 [WARNING] TapoAI: [UPatio] Stream unavailable, retrying in 5s...
2026-04-19 09:07:28,678 [WARNING] TapoAI: [UPatio] Stream unavailable, retrying in 5s...
2026-04-19 09:07:36,934 [WARNING] TapoAI: [UPatio] Stream unavailable, retrying in 5s...
2026-04-19 09:07:45,065 [WARNING] TapoAI: [UPatio] Stream unavailable, retrying in 5s...
2026-04-19 09:07:53,318 [WARNING] TapoAI: [UPatio] Stream unavailable, retrying in 5s...
2026-04-19 09:08:01,511 [WARNING] TapoAI: [UPatio] Stream unavailable, retrying in 5s...
2026-04-19 09:08:09,775 [WARNING] TapoAI: [UPatio] Stream unavailable, retrying in 5s...
2026-04-19 09:08:18,024 [WARNING] TapoAI: [UPatio] Stream unavailable, retrying in 5s...
2026-04-19 09:08:26,214 [WARNING] TapoAI: [UPatio] Stream unavailable, retrying in 5s...
2026-04-19 09:08:34,407 [WARNING] TapoAI: [UPatio] Stream unavailable, retrying in 5s...
2026-04-19 09:08:42,596 [WARNING] TapoAI: [UPatio] Stream unavailable, retrying in 5s...
2026-04-19 09:08:50,852 [WARNING] TapoAI: [UPatio] Stream unavailable, retrying in 5s...
2026-04-19 09:08:59,113 [WARNING] TapoAI: [UPatio] Stream unavailable, retrying in 5s...
2026-04-19 09:09:07,383 [WARNING] TapoAI: [UPatio] Stream unavailable, retrying in 5s...
2026-04-19 09:09:15,621 [WARNING] TapoAI: [UPatio] Stream unavailable, retrying in 5s...
2026-04-19 09:09:23,816 [WARNING] TapoAI: [UPatio] Stream unavailable, retrying in 5s...
2026-04-19 09:09:32,067 [WARNING] TapoAI: [UPatio] Stream unavailable, retrying in 5s...
2026-04-19 09:09:40,259 [WARNING] TapoAI: [UPatio] Stream unavailable, retrying in 5s...
2026-04-19 09:09:48,518 [WARNING] TapoAI: [UPatio] Stream unavailable, retrying in 5s...
2026-04-19 09:09:56,770 [WARNING] TapoAI: [UPatio] Stream unavailable, retrying in 5s...
2026-04-19 09:10:04,961 [WARNING] TapoAI: [UPatio] Stream unavailable, retrying in 5s...
2026-04-19 09:10:13,153 [WARNING] TapoAI: [UPatio] Stream unavailable, retrying in 5s...
2026-04-19 09:10:21,345 [WARNING] TapoAI: [UPatio] Stream unavailable, retrying in 5s...
2026-04-19 09:10:29,537 [WARNING] TapoAI: [UPatio] Stream unavailable, retrying in 5s...
2026-04-19 09:10:37,728 [WARNING] TapoAI: [UPatio] Stream unavailable, retrying in 5s...
2026-04-19 09:10:45,985 [WARNING] TapoAI: [UPatio] Stream unavailable, retrying in 5s...
2026-04-19 09:10:54,240 [WARNING] TapoAI: [UPatio] Stream unavailable, retrying in 5s...
2026-04-19 09:11:02,432 [WARNING] TapoAI: [UPatio] Stream unavailable, retrying in 5s...
2026-04-19 09:11:10,559 [WARNING] TapoAI: [UPatio] Stream unavailable, retrying in 5s...
2026-04-19 09:11:18,751 [WARNING] TapoAI: [UPatio] Stream unavailable, retrying in 5s...
2026-04-19 09:11:26,946 [WARNING] TapoAI: [UPatio] Stream unavailable, retrying in 5s...
2026-04-19 09:11:35,201 [WARNING] TapoAI: [UPatio] Stream unavailable, retrying in 5s...
2026-04-19 09:11:43,389 [WARNING] TapoAI: [UPatio] Stream unavailable, retrying in 5s...
2026-04-19 09:11:51,591 [WARNING] TapoAI: [UPatio] Stream unavailable, retrying in 5s...
2026-04-19 09:11:59,773 [WARNING] TapoAI: [UPatio] Stream unavailable, retrying in 5s...
2026-04-19 09:12:08,028 [WARNING] TapoAI: [UPatio] Stream unavailable, retrying in 5s...
2026-04-19 09:12:16,220 [WARNING] TapoAI: [UPatio] Stream unavailable, retrying in 5s...
2026-04-19 09:12:24,420 [WARNING] TapoAI: [UPatio] Stream unavailable, retrying in 5s...
2026-04-19 09:12:32,668 [WARNING] TapoAI: [UPatio] Stream unavailable, retrying in 5s...
2026-04-19 09:12:40,860 [WARNING] TapoAI: [UPatio] Stream unavailable, retrying in 5s...
2026-04-19 09:12:49,123 [WARNING] TapoAI: [UPatio] Stream unavailable, retrying in 5s...
2026-04-19 09:12:57,371 [WARNING] TapoAI: [UPatio] Stream unavailable, retrying in 5s...
2026-04-19 09:13:05,562 [WARNING] TapoAI: [UPatio] Stream unavailable, retrying in 5s...
2026-04-19 09:13:13,819 [WARNING] TapoAI: [UPatio] Stream unavailable, retrying in 5s...
2026-04-19 09:13:22,076 [WARNING] TapoAI: [UPatio] Stream unavailable, retrying in 5s...
2026-04-19 09:13:30,333 [WARNING] TapoAI: [UPatio] Stream unavailable, retrying in 5s...
2026-04-19 09:13:38,586 [WARNING] TapoAI: [UPatio] Stream unavailable, retrying in 5s...
2026-04-19 09:13:46,777 [WARNING] TapoAI: [UPatio] Stream unavailable, retrying in 5s...
2026-04-19 09:13:54,969 [WARNING] TapoAI: [UPatio] Stream unavailable, retrying in 5s...
2026-04-19 09:14:03,099 [WARNING] TapoAI: [UPatio] Stream unavailable, retrying in 5s...
2026-04-19 09:14:11,352 [WARNING] TapoAI: [UPatio] Stream unavailable, retrying in 5s...
2026-04-19 09:14:19,544 [WARNING] TapoAI: [UPatio] Stream unavailable, retrying in 5s...
2026-04-19 09:14:27,736 [WARNING] TapoAI: [UPatio] Stream unavailable, retrying in 5s...
2026-04-19 09:14:35,992 [WARNING] TapoAI: [UPatio] Stream unavailable, retrying in 5s...
2026-04-19 09:14:44,119 [WARNING] TapoAI: [UPatio] Stream unavailable, retrying in 5s...
2026-04-19 09:14:52,247 [WARNING] TapoAI: [UPatio] Stream unavailable, retrying in 5s...
2026-04-19 09:15:00,566 [WARNING] TapoAI: [UPatio] Stream unavailable, retrying in 5s...
2026-04-19 09:15:08,823 [WARNING] TapoAI: [UPatio] Stream unavailable, retrying in 5s...
2026-04-19 09:15:17,014 [WARNING] TapoAI: [UPatio] Stream unavailable, retrying in 5s...
2026-04-19 09:15:25,213 [WARNING] TapoAI: [UPatio] Stream unavailable, retrying in 5s...
2026-04-19 09:15:33,410 [WARNING] TapoAI: [UPatio] Stream unavailable, retrying in 5s...
2026-04-19 09:15:41,669 [WARNING] TapoAI: [UPatio] Stream unavailable, retrying in 5s...
2026-04-19 09:15:49,862 [WARNING] TapoAI: [UPatio] Stream unavailable, retrying in 5s...
2026-04-19 09:15:58,119 [WARNING] TapoAI: [UPatio] Stream unavailable, retrying in 5s...
2026-04-19 09:16:07,259 [INFO] TapoAI: [UPatio] Stream connected.
2026-04-19 09:16:07,378 [INFO] TapoAI: [UPatio] Saved video ./recordings/UPatio_0419-060817.mp4 and updated unified JSON event log
2026-04-19 09:17:22,789 [INFO] TapoAI: [UPatio] Saved video ./recordings/UPatio_0419-091613.mp4 and updated unified JSON event log
2026-04-19 09:17:26,856 [INFO] TapoAI: [Inside] Saved video ./recordings/Inside_0419-091718.mp4 and updated unified JSON event log
2026-04-19 09:19:53,831 [INFO] werkzeug: 127.0.0.1 - - [19/Apr/2026 09:19:53] "GET / HTTP/1.1" 200 -
2026-04-19 09:19:53,926 [INFO] werkzeug: 127.0.0.1 - - [19/Apr/2026 09:19:53] "GET /video_feed HTTP/1.1" 200 -
2026-04-19 09:19:54,020 [INFO] werkzeug: 127.0.0.1 - - [19/Apr/2026 09:19:54] "[33mGET /favicon.ico HTTP/1.1[0m" 404 -
2026-04-19 09:21:11,225 [INFO] TapoAI: [Inside] Saved video ./recordings/Inside_0419-092103.mp4 and updated unified JSON event log
2026-04-19 09:30:57,288 [INFO] werkzeug: 127.0.0.1 - - [19/Apr/2026 09:30:57] "GET / HTTP/1.1" 200 -
2026-04-19 09:30:57,298 [INFO] werkzeug: 127.0.0.1 - - [19/Apr/2026 09:30:57] "GET /video_feed HTTP/1.1" 200 -
2026-04-19 09:36:17,741 [INFO] TapoAI: [UPatio] Saved video ./recordings/UPatio_0419-093556.mp4 and updated unified JSON event log
2026-04-19 09:37:05,325 [INFO] TapoAI: [LPatio] Saved video ./recordings/LPatio_0419-093604.mp4 and updated unified JSON event log
2026-04-19 09:37:40,882 [INFO] TapoAI: [UPatio] Saved video ./recordings/UPatio_0419-093638.mp4 and updated unified JSON event log
2026-04-19 09:38:06,288 [INFO] TapoAI: [UPatio] Saved video ./recordings/UPatio_0419-093752.mp4 and updated unified JSON event log
2026-04-19 09:38:38,828 [INFO] TapoAI: [UPatio] Saved video ./recordings/UPatio_0419-093806.mp4 and updated unified JSON event log
2026-04-19 09:39:01,721 [INFO] TapoAI: [UPatio] Saved video ./recordings/UPatio_0419-093842.mp4 and updated unified JSON event log
2026-04-19 09:39:22,610 [INFO] TapoAI: [UPatio] Saved video ./recordings/UPatio_0419-093908.mp4 and updated unified JSON event log
2026-04-19 09:40:00,542 [INFO] TapoAI: [UPatio] Saved video ./recordings/UPatio_0419-093930.mp4 and updated unified JSON event log
2026-04-19 09:40:41,416 [INFO] TapoAI: [UPatio] Saved video ./recordings/UPatio_0419-094033.mp4 and updated unified JSON event log
2026-04-19 09:41:33,310 [INFO] TapoAI: [UPatio] Saved video ./recordings/UPatio_0419-094125.mp4 and updated unified JSON event log
2026-04-19 09:42:08,471 [INFO] TapoAI: [UPatio] Saved video ./recordings/UPatio_0419-094154.mp4 and updated unified JSON event log
2026-04-19 09:42:36,765 [INFO] TapoAI: [UPatio] Saved video ./recordings/UPatio_0419-094223.mp4 and updated unified JSON event log
2026-04-19 09:46:21,846 [INFO] TapoAI: [LPatio] Saved video ./recordings/LPatio_0419-094607.mp4 and updated unified JSON event log
2026-04-19 09:57:43,394 [INFO] TapoAI: [UPatio] Saved video ./recordings/UPatio_0419-095725.mp4 and updated unified JSON event log
2026-04-19 09:58:04,167 [INFO] TapoAI: [LPatio] Saved video ./recordings/LPatio_0419-095745.mp4 and updated unified JSON event log
2026-04-19 10:00:26,591 [INFO] TapoAI: [Inside] Saved video ./recordings/Inside_0419-100018.mp4 and updated unified JSON event log
2026-04-19 10:04:13,556 [INFO] TapoAI: [Inside] Saved video ./recordings/Inside_0419-100405.mp4 and updated unified JSON event log
2026-04-19 10:04:30,715 [INFO] TapoAI: [Inside] Saved video ./recordings/Inside_0419-100415.mp4 and updated unified JSON event log
2026-04-19 10:05:52,547 [INFO] TapoAI: [Inside] Saved video ./recordings/Inside_0419-100544.mp4 and updated unified JSON event log
2026-04-19 10:10:28,823 [INFO] TapoAI: [Inside] Saved video ./recordings/Inside_0419-101020.mp4 and updated unified JSON event log
2026-04-19 10:15:23,236 [INFO] TapoAI: [LPatio] Saved video ./recordings/LPatio_0419-101513.mp4 and updated unified JSON event log
2026-04-19 10:15:41,355 [INFO] TapoAI: [Inside] Saved video ./recordings/Inside_0419-101533.mp4 and updated unified JSON event log
2026-04-19 10:16:02,572 [INFO] TapoAI: [Inside] Saved video ./recordings/Inside_0419-101554.mp4 and updated unified JSON event log
2026-04-19 10:16:30,657 [INFO] TapoAI: [Inside] Saved video ./recordings/Inside_0419-101607.mp4 and updated unified JSON event log
2026-04-19 10:16:45,990 [INFO] TapoAI: [Inside] Saved video ./recordings/Inside_0419-101637.mp4 and updated unified JSON event log
2026-04-19 10:18:56,228 [INFO] TapoAI: [Inside] Saved video ./recordings/Inside_0419-101848.mp4 and updated unified JSON event log
2026-04-19 10:19:59,356 [INFO] TapoAI: [LPatio] Saved video ./recordings/LPatio_0419-101948.mp4 and updated unified JSON event log
2026-04-19 10:20:51,255 [INFO] TapoAI: [Inside] Saved video ./recordings/Inside_0419-102042.mp4 and updated unified JSON event log
2026-04-19 10:22:18,945 [INFO] TapoAI: [Inside] Saved video ./recordings/Inside_0419-102210.mp4 and updated unified JSON event log
2026-04-19 10:25:34,396 [INFO] TapoAI: [Inside] Saved video ./recordings/Inside_0419-102526.mp4 and updated unified JSON event log
2026-04-19 10:26:59,066 [INFO] TapoAI: [Inside] Saved video ./recordings/Inside_0419-102650.mp4 and updated unified JSON event log
2026-04-19 10:31:39,794 [INFO] TapoAI: [LPatio] Saved video ./recordings/LPatio_0419-103129.mp4 and updated unified JSON event log
2026-04-19 10:40:13,862 [INFO] TapoAI: [UPatio] Saved video ./recordings/UPatio_0419-104004.mp4 and updated unified JSON event log
2026-04-19 10:40:15,690 [INFO] TapoAI: [LPatio] Saved video ./recordings/LPatio_0419-104007.mp4 and updated unified JSON event log
2026-04-19 10:43:50,587 [INFO] TapoAI: [UPatio] Saved video ./recordings/UPatio_0419-104335.mp4 and updated unified JSON event log
2026-04-19 10:44:00,915 [INFO] TapoAI: [LPatio] Saved video ./recordings/LPatio_0419-104344.mp4 and updated unified JSON event log
2026-04-19 10:44:13,248 [INFO] TapoAI: [UPatio] Saved video ./recordings/UPatio_0419-104400.mp4 and updated unified JSON event log
2026-04-19 10:44:27,959 [INFO] TapoAI: [UPatio] Saved video ./recordings/UPatio_0419-104419.mp4 and updated unified JSON event log
2026-04-19 10:54:07,554 [INFO] TapoAI: [UPatio] Saved video ./recordings/UPatio_0419-105355.mp4 and updated unified JSON event log
2026-04-19 10:54:50,438 [INFO] TapoAI: [LPatio] Saved video ./recordings/LPatio_0419-105435.mp4 and updated unified JSON event log
2026-04-19 10:55:26,688 [INFO] TapoAI: [UPatio] Saved video ./recordings/UPatio_0419-105426.mp4 and updated unified JSON event log
2026-04-19 10:56:06,139 [INFO] TapoAI: [UPatio] Saved video ./recordings/UPatio_0419-105557.mp4 and updated unified JSON event log
2026-04-19 10:56:15,760 [INFO] TapoAI: [UPatio] Saved video ./recordings/UPatio_0419-105607.mp4 and updated unified JSON event log
2026-04-19 10:56:45,130 [INFO] TapoAI: [UPatio] Saved video ./recordings/UPatio_0419-105623.mp4 and updated unified JSON event log
2026-04-19 10:56:59,647 [INFO] TapoAI: [UPatio] Saved video ./recordings/UPatio_0419-105651.mp4 and updated unified JSON event log
2026-04-19 10:57:26,578 [INFO] TapoAI: [UPatio] Saved video ./recordings/UPatio_0419-105708.mp4 and updated unified JSON event log
2026-04-19 10:58:12,519 [INFO] TapoAI: [LPatio] Saved video ./recordings/LPatio_0419-105801.mp4 and updated unified JSON event log
2026-04-19 10:58:16,397 [INFO] TapoAI: [UPatio] Saved video ./recordings/UPatio_0419-105757.mp4 and updated unified JSON event log
2026-04-19 11:01:00,724 [INFO] TapoAI: [UPatio] Saved video ./recordings/UPatio_0419-110042.mp4 and updated unified JSON event log
2026-04-19 11:01:32,121 [INFO] TapoAI: [UPatio] Saved video ./recordings/UPatio_0419-110123.mp4 and updated unified JSON event log
2026-04-19 11:02:45,506 [INFO] TapoAI: [UPatio] Saved video ./recordings/UPatio_0419-110237.mp4 and updated unified JSON event log
2026-04-19 11:06:38,198 [INFO] TapoAI: [UPatio] Saved video ./recordings/UPatio_0419-110625.mp4 and updated unified JSON event log
2026-04-19 11:07:11,325 [INFO] TapoAI: [UPatio] Saved video ./recordings/UPatio_0419-110659.mp4 and updated unified JSON event log
2026-04-19 11:09:31,245 [INFO] TapoAI: [LPatio] Saved video ./recordings/LPatio_0419-110555.mp4 and updated unified JSON event log
2026-04-19 11:09:42,533 [INFO] TapoAI: [LPatio] Saved video ./recordings/LPatio_0419-110934.mp4 and updated unified JSON event log
2026-04-19 11:09:52,113 [INFO] TapoAI: [UPatio] Saved video ./recordings/UPatio_0419-110943.mp4 and updated unified JSON event log
2026-04-19 11:10:25,791 [INFO] TapoAI: [LPatio] Saved video ./recordings/LPatio_0419-111010.mp4 and updated unified JSON event log
2026-04-19 11:14:02,348 [INFO] TapoAI: [LPatio] Saved video ./recordings/LPatio_0419-111350.mp4 and updated unified JSON event log
2026-04-19 11:15:27,370 [INFO] TapoAI: [LPatio] Saved video ./recordings/LPatio_0419-111438.mp4 and updated unified JSON event log
